date,raw_anchor,fro,kl,pred_var,real_var,nll,stein,logeuc,corr_offdiag_fro,corr_spearman,eig_log_mse,cond_hat,cond_true,cond_ratio,turnover_l1,w_hhi,w_max_abs,w_l1,port_mse_var,port_mse_logvar,port_mae_logvar
2019-05-14,342,0.00972645847064753,173245.88146617298,1.2437391023878043e-07,4.352636797042234e-05,172087.28743384493,346491.76293258124,61.404954794547365,24.633866136241245,0.45483495585120065,7.729429913860604,768325.7743894748,1062615.7266273184,0.723051386438724,,0.059286981894312835,0.05158646434272111,1.9790229601811666,8.241786991646222e-10,0.19419232953941012,0.43197972811730123
2019-05-15,343,0.008615640753328543,439965.89912145433,9.689951293724911e-08,4.606924206269753e-05,441599.3666782939,879931.7982433422,65.09013380374041,23.304307162758157,0.47566656272797947,9.46265368525,684167.7834443041,1062234.53793832,0.6440835418251399,0.9846021987097526,0.0801697889293438,0.06241074096941127,2.390431963606467,8.989103136522775e-10,0.2142795318531275,0.45510258671384307
2019-05-16,344,0.009734171228201976,543455.6625841901,3.296369105419552e-08,4.476356343746649e-05,543851.291361207,1086911.3251685067,63.08061612817211,24.156756706588894,0.4684850452489467,2.391666837604737,751335.3179411591,1074845.7205978315,0.6990168947439869,1.07497048078437,0.05921083708483834,0.05145696481283181,1.946435178671523,9.649058446740906e-10,0.23035426260151098,0.47171162062227556
2019-05-17,345,0.008335073389447872,847.0537726906775,7.559372839934771e-06,3.2744990600966324e-05,128.50076854874985,1694.1075453825965,73.77393793062485,20.657094603447103,0.48202526582857497,44.66300840029993,59208.71624728415,1068120.13163145,0.05543263767236423,3.1234782227731728,0.19101924571974993,0.11961297040242855,3.1644809929558946,9.330118668448732e-11,0.01437950849590464,0.10005162038070499
2019-05-20,346,0.00974001970300141,472609.45959299203,3.037139040320477e-08,5.064635179513707e-05,473263.9761129895,945218.9191868881,62.02771482702189,24.926288532067122,0.4601014274033225,0.04112325297403343,776934.1827483313,1052584.113682917,0.7381207569529943,3.052757434301256,0.05609848300659099,0.05397987853078641,1.8784495256638625,7.631719201551691e-10,0.18375304429433156,0.41897158961177633
2019-05-21,347,0.00803119287126858,307669.3571562721,1.9498522679130725e-07,5.749727311839798e-05,,615338.7143122772,67.07824683072667,22.513876179425953,0.4828168376794645,19.752585238690163,774832.374470999,1043248.9327365739,0.7427109198554517,1.613415912495734,0.09858503571093771,0.0754944322598753,2.5537388251232334,3.7101925699605466e-10,0.07684695851774016,0.2645249955966337
2019-05-22,348,0.009354226959907898,420685.26333968615,1.010811150151265e-07,5.5311106716443895e-05,,841370.5266783432,65.13456150989529,23.69961691106679,0.45280620802775823,12.359397277782485,804586.0110555631,1035215.168119421,0.7772162115023677,1.1914358696536016,0.07564184769363202,0.07101773849038177,2.199719933785894,4.55644077726208e-10,0.09852653427295323,0.3033166980968717
2019-05-23,349,0.009480186049590125,144589.68798113533,7.353869626711002e-07,5.682124782926955e-05,,289179.3759614819,68.68143142505258,22.240182541826982,0.47099724911546953,27.179938331833377,1253915.016785523,890815.6828145334,1.4076032123994233,2.2249898816110845,0.1494032185793865,0.0993429805630985,3.0178112162603297,1.0344123730709342e-09,0.14676795426701744,0.36794335165258946
2019-05-24,350,0.008877353872708894,204118.4843762257,6.183991863277599e-07,5.858927625197861e-05,,408236.96875235933,62.97118130155777,24.760145829880305,0.42491971832478526,15.514204710606048,818163.4917019287,889242.9627127463,0.9200674348954296,1.7760427484276975,0.08036431160706728,0.0704881242956054,2.2598706211002457,1.0141744936841374e-10,0.026192182366223754,0.14176482108679775
2019-05-28,351,0.022966356424097365,245174.65611651115,1.8260174429888032e-07,6.062032664362489e-05,,490349.3122343871,62.00383232236083,28.66778447965049,0.4074364549386154,2.862244236319585,2714511.4917032416,863931.3020630692,3.142045536746943,2.282504661958325,0.09089187573681913,0.0882935155661972,2.3577138343517303,2.220329799459937e-08,1.4235264278948387,1.185849705772549
2019-05-29,352,0.0177585641296899,279068.7413892828,9.905478506189973e-07,5.457601268485218e-05,,558137.48277791,66.54160390505625,29.66366599423959,0.3959025244112792,16.90569765812228,2179996.2211443684,840495.7937709413,2.5937027136848214,2.5752986124307533,0.12186021218427456,0.11201857130782196,2.7184578235598167,1.5392393712080746e-08,1.2550473455840598,1.115369110420913
2019-05-30,353,0.019445895505437003,241136.9228329717,5.90841130378514e-07,6.601604431630474e-05,,482273.84566534637,63.773275471033195,31.544843775762853,0.36766024880922865,12.024287425153453,2338151.259986679,842800.4149901901,2.774264485873437,0.9513733540621088,0.09909790736644937,0.081722682759715,2.540402168859857,1.8841682967403594e-08,1.403694510917937,1.1801500526912496
2019-05-31,354,0.007792481109797306,486.77104100280894,7.850376212645796e-06,2.203659381257788e-05,,973.5420820054906,76.43829189242243,22.711769250218996,0.46830061216254387,50.36022210517685,28335.561934832247,694311.0742354771,0.04081104707430056,3.115397003485193,0.15956581994430855,0.10539935014864359,3.0498844214882608,9.201467208419078e-10,0.24145225934708153,0.47842374247729375
2019-06-03,355,0.024678255502566405,205003.06286915622,1.0138081576621818e-06,4.3318516065311566e-05,,410006.12573758815,65.37756158576877,29.73542249761065,0.41515159467339763,12.767889029506126,2793411.2613610257,713024.6383202589,3.9176924768570895,3.167886038102918,0.15204476331759464,0.1116068057293496,3.2095639719563533,3.082806649891093e-08,2.30332510741919,1.5130467469128448
2019-06-04,356,0.024168856546204754,190958.6344929407,9.296262322952875e-07,4.20123066270745e-05,,381917.2689862861,63.201467237003015,36.9632625061462,0.3663910351397713,10.304982380654838,2602212.8960281457,553099.8380776485,4.704779710426938,0.9446607067784875,0.12629385529726853,0.101228797433266,2.955507458531029,3.361338974903122e-08,3.6451213199826986,1.9044107990575854
2019-06-05,357,0.020599021947934164,75183.23722283304,2.9209313787264747e-06,4.735839239607686e-05,,150366.4744457916,71.49050707958034,31.15713254315707,0.3922138940467527,34.676758522604004,2217467.1271375613,543407.7432218936,4.080668990820926,1.7800776470426134,0.15915927099762947,0.10917501816831944,3.136343313911336,2.0669567117379662e-08,2.9503789161906475,1.7126687461229733
2019-06-06,358,0.023971930320948215,9234.723022862549,3.496706326506227e-06,4.708735575546908e-05,,18469.446045682955,71.34521166712504,34.940422484731315,0.37997891195926703,36.46107987170005,1973383.5812676146,542695.1288699278,3.636265513156267,2.5715943586909593,0.20655694877637473,0.13205318869928925,3.5687118013259918,3.4543246563358926e-08,3.7124472050872726,1.923101770597911
2019-06-07,359,0.018762977746447744,1898.3937999181626,1.9127722535693643e-06,3.694689390476474e-05,,3796.7875998458617,71.89077248227409,31.869843397746873,0.37005159385925684,38.12308172416053,580198.6187083777,544451.5949638584,1.065656936402018,2.844749041737706,0.11955334443763302,0.09252703776916757,2.658132491459076,1.5502275076688944e-08,2.6584060601738027,1.62365468564175
2019-06-10,360,0.008677874493626203,62369.98863429957,3.169253214785503e-07,3.509415955075928e-05,,124739.97726858417,64.30547619444519,25.755710960378256,0.40397697859060794,21.03911399797681,773888.5673122592,540024.1289556941,1.433062942592612,2.212766296656439,0.07673895991113296,0.07055716614491718,2.225810002768173,5.261768496588668e-10,0.2976283422263161,0.5327827171856281
2019-06-11,361,0.008799975026504614,13628.25466538371,3.995579701037454e-07,3.3844466787582826e-05,,27256.509330760484,61.629263989729274,26.68632537353608,0.40476350279309226,17.050123193359312,581991.8661006413,565378.3865980295,1.0293847092432693,0.9710795570220403,0.06995497374325241,0.057740350634951816,2.157314547732253,4.729897650480743e-10,0.2582130505786304,0.49461091183008116
2019-06-12,362,0.00826741264274975,419.149503291855,8.497418315965553e-06,3.365930262778253e-05,,838.2990065835754,77.27996557560195,23.77097265968515,0.3979376414057219,51.859387768848435,23300.09010770684,542824.7959584702,0.042923776292432776,2.7583260652862216,0.15623997535686227,0.14279000512702802,2.891414216484516,1.6173561537443874e-09,0.5855616507983308,0.7558706092571758
2019-06-13,363,0.016432104802893935,1989.9837860702091,3.44347172576794e-06,7.125732916068346e-05,,3979.9675721327358,73.21638573921201,30.35128691361193,0.388644616653554,41.4224994090116,385077.7431625822,524128.43750301015,0.734701106845344,3.5278316922135704,0.24022339836006368,0.12420201515273192,3.8362905738475943,1.442488294835682e-08,2.2728628794623553,1.5039950545983203
2019-06-14,364,0.009003016606613245,435.63791331516745,9.125423543990909e-06,4.049960533807949e-05,,871.275826630253,77.23459097143707,23.85819209579223,0.4180432801296444,51.64474270760155,25693.427470189334,498539.1968801097,0.05153742700870955,3.4534481479293486,0.16892820664774194,0.14882634413569604,2.997079812637805,2.4549227853802594e-09,0.8209945151617805,0.8998902131168319
2019-06-17,365,0.00868727717619151,446.94112925464754,8.850064247427851e-06,3.74918048735209e-05,,893.8822585093266,77.14227690071002,23.81082767183749,0.40649594876758555,51.50216666092408,26997.545281817023,497393.5477082684,0.05427803679040011,0.613355637779201,0.16224890867313424,0.14788420806794492,2.8818201780827244,1.977568742681433e-09,0.705667183145456,0.8339951722883728
2019-06-18,366,0.009087075990936102,600.6193803983113,7.5639027042642186e-06,4.482104789424012e-05,,1201.238760798322,76.01199564339827,24.709932400291734,0.326832365560061,48.61393819166769,53461.02861133849,478344.99749716837,0.11176249127943469,0.8674183315797136,0.17617037210182612,0.12894574238755,3.105862029508983,1.929857369123486e-09,0.6572805081277242,0.8034626248795452
2019-06-19,367,0.010940094800770085,554.7914998977758,8.344602058068357e-06,5.228963848470413e-05,,1109.582999794593,76.65106108877829,26.616377889706104,0.34276698829285884,50.143374697949966,38030.17346724264,918052.3735204318,0.04142484085238984,0.4483120734930195,0.17553581982179595,0.1433977330150378,3.070215851375421,1.2158711330225524e-09,0.3255226716272165,0.5514178681845414
2019-06-20,368,0.010883431478446014,582.4568124332719,8.325602952498818e-06,5.106746105025253e-05,,1164.9136248661916,76.49306601957633,26.814037926956622,0.3518968272162646,49.71782976747788,37009.18513392131,908727.1228953473,0.04072640092000802,0.3898694437277113,0.1695433278218786,0.1400624029900623,3.0256561710048167,9.20306878389058e-10,0.2736034108017961,0.4968678054497128
2019-06-21,369,0.010400114523759428,563.2598053230515,8.556519201979262e-06,6.0355766651472246e-05,,1126.519610645992,76.88071484203397,23.84864756540932,0.4204729440911807,50.499646870203044,32918.43547468208,1059579.4628203164,0.031067453296104885,0.33783135297929473,0.16680044104011105,0.139627300867873,3.003412383000085,7.391335596551185e-11,0.012251635570528921,0.09034650879470077
2019-06-24,370,0.010231380189658388,539.415878825582,8.535392502799853e-06,6.402458157271868e-05,,1078.831757650741,76.93231195686889,23.817825116855982,0.4138018769580864,50.71535809805036,30308.18139566638,1097499.0993888197,0.027615677691712495,0.22980526659746733,0.16738754123727043,0.14802676428201877,2.988223414066289,6.988323537910261e-11,0.010665823281472229,0.09212985549948627
2019-06-25,371,0.010247229411288573,535.9978272590267,8.569069934828008e-06,6.528744857902619e-05,,1071.995654518421,76.88294542168485,23.777566048255572,0.4190702050926364,50.70076967762683,30386.7583177849,1088436.828270652,0.02791779690702352,0.2514672418440864,0.16665818940958996,0.14488865881339866,2.983048483926428,6.517628368112017e-11,0.01037003744846694,0.09279899986501372
2019-06-26,372,0.010378438756751098,517.6927662978909,8.886599041343864e-06,6.670427514376539e-05,,1035.3855325965399,77.10421681316015,23.85033543434588,0.4096018591014044,51.14047142385899,29519.5594408627,1205714.9581180932,0.024483033275905848,0.26716747125236134,0.16578795394991852,0.1481413692109189,2.9675536249014822,2.824616512124361e-10,0.0348951900634246,0.16398371357995295
2019-06-27,373,0.010382304759125872,531.4056575040113,8.71753687181926e-06,6.39055785304345e-05,,1062.8113150077525,76.96892574300978,24.059325076198775,0.4009893571437036,50.947168625515744,32184.042971900428,1228307.4122913624,0.026201944765490162,0.4005712440484901,0.16989316036718333,0.14368924578031317,3.008761339326739,3.0956594749695736e-10,0.03655409531747163,0.16919291691859387
2019-06-28,374,0.010493021866461871,562.9701423140616,8.159018161793373e-06,7.227461587489892e-05,,1125.940284627573,76.61379740929134,23.880520980842423,0.42226520348233065,50.239488392160936,39001.40979167392,1259302.9081112526,0.030970634261592887,0.5603025127966209,0.17773563777210247,0.14622099129778068,3.0841219932979347,6.08449588174831e-10,0.07139974931092381,0.2501344449780941
2019-07-01,375,0.010697272161115375,556.4936152964099,8.654968211912748e-06,6.623554566250696e-05,,1112.9872305929266,76.67188601297843,24.244458035664003,0.42234494411811174,50.31393180749962,34971.358378145356,1296891.2028361256,0.026965529800547436,0.5523344780909022,0.16671847926544453,0.14180289859087622,2.981306479041163,8.438764210673994e-10,0.09715793577850837,0.29742094439742495
2019-07-02,376,0.01316284044581503,560.7079915236927,8.761300795664733e-06,8.528719432469034e-05,,1121.4159830465835,76.7663269207628,26.173380420630043,0.4230559938173875,50.65676050796222,32884.821449453906,1746496.6778985942,0.018829020327150763,0.2876587860335024,0.16848111969847684,0.1389831178131493,3.0150702787210477,4.850308964319437e-09,0.37885916892327665,0.6083092340872037
2019-07-03,377,0.012883024710749471,609.0728479397369,8.108583392545047e-06,9.136874036660104e-05,,1218.1456958799458,75.60490655126866,25.683132953480108,0.42436419868599495,48.37216193041604,34562.60686777791,1685542.8952393737,0.02050532618623715,0.4514303132680513,0.1728573848621411,0.1403907101038551,3.049348532709934,4.875278441394429e-09,0.4207863334791887,0.6419744517035222
2019-07-05,378,0.013094688208410903,558.0855180117286,8.011174757577482e-06,9.360721729249845e-05,-157.01919634403035,1116.171036023067,75.42886573784288,25.87283164249825,0.4370945299262839,48.45089800901726,33816.8143485811,1759208.390556561,0.019222745031293575,0.60274747850347,0.17349378785118666,0.14878718823333018,3.024475542586069,5.756407957287744e-09,0.4658980302566058,0.6766040263434758
2019-07-08,379,0.013729675853247357,517.6149179347357,8.84089180704167e-06,9.062178031502105e-05,-196.22840655645234,1035.2298358698165,75.85417154674582,26.656087177063053,0.43639863969496623,49.23645559273752,28800.08322307656,1866954.4722175389,0.015426237571218476,0.5538435796810484,0.16618167915178078,0.15095495145733365,2.9437764057070814,6.6016059246577746e-09,0.4787984770294991,0.6855329605724167
2019-07-09,380,0.013983560180502484,548.291675571309,8.640915461464427e-06,0.00010099487768452085,-165.8371320457018,1096.583351142193,75.57398880171708,26.593356851597708,0.4291788934374704,48.612932983073144,31138.11817954655,1890034.5172362677,0.01647489392155586,0.2813040540614031,0.17301732250535717,0.14696575800698378,3.036262890058942,7.094088405206267e-09,0.506816226078831,0.7053736574447019
2019-07-10,381,0.014616469027028322,592.3664932686659,8.078143633233887e-06,0.00010651917277433836,-121.87976880373868,1184.7329865377515,75.4402879086785,27.16468893153069,0.42316613461765795,48.02737112068024,34644.80263574073,1927661.3136164998,0.01797245314361959,0.3793707410012022,0.1745501087981525,0.14650775146155304,3.0544261818675813,8.614037114027392e-09,0.6425546232788572,0.7961421967098155
2019-07-11,382,0.014202281101153673,597.3684138491271,7.94035287914364e-06,0.00010627441537861655,-117.50272859656425,1194.7368276992602,75.50283963039413,26.382876099281173,0.4354315501129954,48.219765556693076,45619.75310237772,1922712.1922237875,0.023726771633779686,0.5045200752738839,0.18318294072773125,0.13852264492866592,3.145887805987564,7.545386694420968e-09,0.5288207474515173,0.7213086121775476
2019-07-12,383,0.01588221814901168,541.419370586987,8.405472669823742e-06,0.00011424534085480975,-172.66820936559787,1082.838741173639,75.57223328490358,28.250381724975178,0.4519185573189036,48.45623664711093,41860.86341017261,2183245.957376515,0.019173681860597366,0.34041969355802776,0.1829029243240969,0.13349921897759176,3.1511608067911308,1.1451966452374447e-08,0.653052291059589,0.8022174162670904
2019-07-15,384,0.016362079234967245,565.1176166416802,7.896705895889273e-06,0.00012318580378798663,-149.79138532337348,1130.2352332823657,75.40086427876047,28.930781750109293,0.44451056389279825,47.998212880373536,43671.595871052814,2217772.4700681735,0.019691648471815672,0.3766466218219797,0.1866583100094624,0.1352581310869578,3.178192236789917,1.3134475043275518e-08,0.7582791034703719,0.865666085645775
2019-07-16,385,0.01632808900978597,597.3948964628285,7.971107438205361e-06,0.00011992460701405428,-117.98560374564343,1194.789792926476,75.45392785515298,28.67257748392001,0.46058268898872856,47.970201000148016,49835.9306289578,2229693.582851553,0.022351022136962283,0.33718828892299296,0.18280818625191514,0.13031642630422646,3.141787753650985,1.2584050808179615e-08,0.6988168593887518,0.8300582413558777
2019-07-17,386,0.017054364715884427,573.8696276744975,7.887625563330562e-06,0.0001233291811811882,-140.44890852408489,1147.7392553509223,75.5827157754742,29.312339200476057,0.4543878486546505,48.28724180451319,40172.03522725055,2279076.4563079514,0.017626453520707363,0.41316090880070294,0.18473251026164053,0.13831050234403097,3.1687664305437204,1.478649656831236e-08,0.8422546500651368,0.9125747900564848
2019-07-18,387,0.017766864200271563,519.3390731005345,8.372509090850231e-06,0.00011200452409215907,-195.00625250052533,1038.6781462020263,76.02268240693283,29.74824167986651,0.49051168263830275,49.180113463923824,31989.40836995748,2394546.2885132153,0.013359277506312,0.5846612227149477,0.1793949505589591,0.14709852605453771,3.140952011886938,1.695698451312695e-08,0.9047550187558938,0.9469240530376168
2019-07-19,388,0.01737505610377886,502.2484070218937,8.72276882962377e-06,0.00010769893161185053,-212.57352460725681,1004.4968140425003,76.19507149139983,29.457181458700596,0.5005418403661724,49.52178828547488,33174.469165813854,2397206.5524161216,0.013838802973560048,0.223665549362469,0.1783449930486439,0.14406768849074292,3.1307212350786213,1.5624452205358443e-08,0.7878518636460202,0.8827992408799956
2019-07-22,389,0.017860384085387905,484.7803128797965,8.435900627180287e-06,0.00010535738128442671,-229.46238227800197,969.5606257601978,76.19015736803694,29.78330144896564,0.5126318933650585,49.78465660850094,30569.081786548275,2420106.285698356,0.01263129721500109,0.480855734369871,0.181340272443824,0.14358010852387523,3.1814998358490665,1.7557044865814e-08,0.9250421162683929,0.9580737643373782
2019-07-23,390,0.0186208215332081,516.471813892415,8.030510069911692e-06,0.00011236754771306569,-198.71785386455616,1032.9436277851537,75.78173003260022,30.81185805354941,0.49934073185883204,48.84020563657439,31967.557765089958,2477452.987776065,0.012903396319857627,0.4204292542686129,0.18144570172917301,0.14308273177767372,3.19007087142099,1.914084531509978e-08,1.0124375781327455,1.0021595565939865
2019-07-24,391,0.020040066735749772,484.55130445565976,8.080583709115684e-06,0.00011726954253851053,-230.39688296143004,969.1026089115196,76.02029696832759,31.187419863880205,0.5366534646366503,49.575065191231715,32280.271888541454,2618447.44211454,0.012328019791175707,0.55177516528495,0.1922802428480028,0.13739306070949855,3.314515788402205,2.2850779448271038e-08,1.174938119129462,1.0804491858744634
2019-07-25,392,0.020002135148848618,756.621824381155,3.839775411419917e-06,0.00010181212355796671,37.94406198165028,1513.2436487594991,72.14515765802209,32.35236514727179,0.48341249788687285,41.69228565283406,87967.05363046382,2606768.36192574,0.03374563498441362,1.4272075029484896,0.19321425775361178,0.1350599102218062,3.535051212017598,2.3033713933997672e-08,1.2066314437482382,1.0956287544673393
2019-07-26,393,0.021381788722977527,130763.55578497343,2.2093124813539656e-07,0.0001238997401088355,130085.40876022304,261527.11157013557,60.10053501347456,34.30060486637561,0.4241831745283192,4.911776064944012,915802.4512476316,2690687.8890266586,0.34035997076528934,2.189951877002129,0.14301880933291697,0.0890888509027946,3.1465298388089393,2.6367043105372438e-08,1.4435494370640778,1.1985140744750957
2019-07-29,394,0.021877449597148345,279564.0943512965,2.1974459077306075e-07,0.00012596333512914995,278248.53492273396,559128.188702797,61.86457619163807,33.93368282527071,0.4374592335552089,4.709893343133187,920624.6854813809,2722069.000793932,0.3382076961358683,0.30469614311005755,0.1427632137888193,0.08666740497090475,3.134157658948703,2.757494417698979e-08,1.528739245055291,1.233226064132521
2019-07-30,395,0.02138946073147127,33183.02712697774,5.191081644498734e-07,7.281422894013287e-05,32672.966184063982,66366.0542539585,66.16678979466896,33.99707094988648,0.42952435915234843,23.16633833854239,898040.506602255,2747702.331817044,0.3268332585387387,3.594859063923525,0.10130778075883229,0.07792869625877052,2.6372100595356387,2.4312382802202265e-08,1.1677969250041147,1.079090681795453
2019-07-31,396,0.020904310496435367,249379.48317169756,1.7193524331997368e-07,0.00011438936239000161,247756.63136302738,498758.9663429066,60.71490494712017,33.497815032163246,0.4330849396466074,1.3404496931648515,1069647.5326534768,2728712.932005369,0.39199709141532085,3.562612887770402,0.13501003838439402,0.09931996456960797,2.964318510947349,2.3052180307635125e-08,1.1105904936478685,1.0499485203163146
2019-08-01,397,0.01602064209894181,12309.234279656876,1.4801219238818202e-06,8.544702786927638e-05,11655.453176060228,24618.468559356385,68.24724173291528,29.977746923451797,0.5433894344879481,29.197721094950726,748936.6002726824,2523344.880012625,0.29680310694150347,2.6823952690184334,0.2248333623556199,0.16576605882532125,3.73218871947061,1.231713002941214e-08,0.49076615006541335,0.6951668339118283
2019-08-02,398,0.01537551875872971,15574.775582108834,2.826945819943563e-06,9.928073684728104e-05,14923.1326376429,31149.55116419282,70.36119850636977,27.881153176404933,0.5406739204499718,32.52777051734387,1366481.527681947,2486429.6700976533,0.5495757809342257,2.319973683593067,0.25229599143853965,0.1505232052074986,4.019912687606692,6.616080758010005e-09,0.22569667895366813,0.46418200337541504
2019-08-05,399,0.014435938170202951,14363.34312185111,1.703991478531563e-06,7.856128472643458e-05,13669.79898283014,28726.68624361552,68.88303545308685,26.27555759662939,0.5282682850455622,29.01209094302786,1243958.5340251313,2189759.5013756584,0.568079980127337,2.0044323395043553,0.21038686357580216,0.15545329900710472,3.4423648310595327,3.0140229619734497e-09,0.12911454201658915,0.3445992942867221
2019-08-06,400,0.016549996049505886,34100.87174453629,4.868854007241252e-07,9.594165400815843e-05,33222.1416659575,68201.74348913832,61.562736807982056,31.147664291388384,0.420055399445113,13.834345367260735,868727.6538495397,2212821.8548128456,0.3925881570448491,2.378540534383887,0.14486050810736853,0.08151896194045699,3.197235017431498,1.2723143557891314e-08,0.8666398407192704,0.9264797413673695
2019-08-07,401,0.015560720417953373,9035.586740175735,1.7971503522272359e-06,9.986092515793509e-05,8244.885811037555,18071.173480339898,66.55298364137353,28.69055106314551,0.46429252584820135,26.71390822979109,645976.1870271196,2205138.1523859166,0.2929413680173217,2.244065852443546,0.23025396273503154,0.13724753474071408,3.7611036660393786,1.005230393382332e-08,0.5987627460264741,0.7690232841522334
2019-08-08,402,0.015957706527019444,10332.497874684484,2.8892987456539772e-06,7.590987525915469e-05,9512.35426609159,20664.99574940382,70.70988822013449,30.883642939759,0.4936166296071814,34.975833239201144,515994.05910641974,2112060.245890652,0.24430839987181616,3.848527196624958,0.23975383162834063,0.15094458902400593,3.8959956926124826,1.1726133948246834e-08,0.9468993156883466,0.9699034201212762
2019-08-09,403,0.015645638227349153,29666.349711593066,2.6260680134013548e-06,7.65505026735509e-05,29199.33885270702,59332.69942314251,70.63143876062172,30.310638089899744,0.5007541230794458,33.82780463625337,710697.3181124756,2053681.3456707164,0.3460601712191953,0.5326684781240049,0.24817052214490234,0.15605579219123505,3.948018613919265,1.1409777218249051e-08,0.9809022044984052,0.9872167267102806
2019-08-12,404,0.013691325387946485,719.9491341226635,8.368515245293239e-06,6.38793703707793e-05,9.484784268342063,1439.898268243221,74.24766484362108,26.03919693005252,0.5416310201047185,45.091037537659076,54703.73047984908,2030015.0847142602,0.02694745023904541,2.7466623636640484,0.2513178214855105,0.14997712161928106,3.9310584341240857,5.681324989885199e-09,0.3628721688345447,0.5966470489166183
2019-08-13,405,0.01482090393085957,216555.8484112098,1.5778015637540506e-06,8.664924509659363e-05,214565.6874964478,433111.69682214275,68.51510397166066,29.396678279150844,0.49160745173565573,25.656400642072327,847460.4236403749,1999189.6942404453,0.42390195691877636,3.464895861842107,0.2074386854506133,0.12188665992493249,3.62888188330255,9.67348310139318e-09,0.8595584593528116,0.9239964746273848
2019-08-14,406,0.010062817378977943,1417.281266309897,5.927587267956009e-06,4.993290070427132e-05,694.7513212393794,2834.562532620127,73.61942238526343,22.828600119349712,0.5540860549478127,43.06119443072234,188558.29096365164,1449970.0965504213,0.13004288254788482,3.2961758725157546,0.24059595734591455,0.13054018238141202,3.675842492729227,4.1843334544260484e-10,0.03989972769395639,0.17123636994691777
2019-08-15,407,0.009441363385273651,646.6612013709171,8.403811076099316e-06,5.928515361414719e-05,-64.0864354279043,1293.3224027409524,73.89820610308958,22.670674530125652,0.5379580443957361,44.864890658155566,36682.19287481439,1430821.2566669285,0.025637159571045846,2.187409090920494,0.2714388191952501,0.14999734475242876,4.047564235406954,1.1104343330426086e-09,0.11749942564701171,0.333930900778174
2019-08-16,408,0.009092069166870822,1337.794342404257,6.290362382662309e-06,5.446533315244581e-05,626.9533137108813,2675.588684812595,72.60775542965304,22.282638559561885,0.5231263984357453,41.80743243092542,114015.15412405739,1358543.415969059,0.08392455683334163,1.604907929817674,0.30267205906806594,0.16863246754566355,4.221602480664259,7.621473925995724e-10,0.0864384608888006,0.28425101203742564
2019-08-19,409,0.009224536107073458,1273.3074946886645,5.128595503361498e-06,4.875292092435233e-05,583.1595098215264,2546.614989370896,72.5615283063449,22.577510746734887,0.512108067809489,41.63593663495577,82715.88191703701,1360393.9162441345,0.060802890199189136,2.507427278787249,0.24646001205635407,0.13468572826074154,3.9192401480921366,8.171038230872092e-10,0.09419151458549364,0.2952975934224484
2019-08-20,410,0.010519645269837506,159298.92182921153,1.1878150564729248e-06,6.338682155206786e-05,157765.23225876907,318597.84365829756,65.91792211506836,25.567587387455255,0.4755211152012277,18.730299701905558,850724.2033694291,1465294.9571731244,0.5805822228520208,2.2967694836870924,0.23369889936963567,0.167003053029142,3.8857390017291067,2.802747253475352e-09,0.3610508018088985,0.5962018768873809
2019-08-21,411,0.009801001195376075,2188.4736637249357,5.888634918034223e-06,4.1518429543807774e-05,1494.674852709416,4376.947327464624,72.22612610573043,23.419939788922242,0.5152794555957148,40.93174055079558,199659.69872705766,1455502.022649731,0.13717583048327106,2.681466451940862,0.284456771035842,0.16654671260550194,4.055236515838548,1.4516398685458545e-09,0.1568910511264225,0.3888424252092425
2019-08-22,412,0.010100898672844909,538.1130891858083,8.264087557895747e-06,6.251050323334601e-05,-176.24950736929924,1076.2261783718063,74.59421735767314,24.29022564627253,0.5026909330201936,46.30112670999155,25489.681150987424,1459793.5677756756,0.017461154586279413,1.9260444136461752,0.23614623859552727,0.1313528763421659,3.78159710416871,1.980194429761571e-09,0.22402403580264907,0.46595116798949593
2019-08-23,413,0.009371251608910062,794.1907732260635,8.52254071473665e-06,4.929921731835292e-05,75.2890238263132,1588.3815464540671,74.67096500733263,22.04714948760951,0.5152354311931919,45.305648549744134,47960.79809228606,1117082.9936430699,0.04293396136653611,1.8827408962858647,0.2432207412333018,0.1593277895989679,3.8163332635711398,2.7711733200606867e-10,0.033010101656476186,0.15347010503685965
2019-08-26,414,0.009220342524119463,2815.1832251086216,7.66734137582723e-06,7.147945291786899e-05,2086.1083117400735,5630.366450200259,73.53965487086133,21.94891681701557,0.5112016497384675,42.86630142276656,340981.6712491633,1227079.449149004,0.2778806795971024,1.5923498463189338,0.30472846697128425,0.15489679825997466,4.294606898141631,1.0465435120660111e-10,0.011233556206509518,0.08590568135825508
2019-08-27,415,0.009726701777323647,892.2231617513917,7.1169358799176795e-06,5.286139803408339e-05,172.51333449739815,1784.4463235021376,74.56465761440464,22.66608257395811,0.5034030980540665,45.202395527499846,87471.5573613846,1214789.6044318497,0.07200552016766275,1.5334258681321782,0.25078387461511126,0.13130658879634094,4.018794934796149,1.5517387212950428e-10,0.0157433469668128,0.10119544648285442
2019-08-28,416,0.009143350093668283,897.176503671024,7.5276893252750385e-06,6.194479234652371e-05,187.10163607349295,1794.3530073444285,73.88968743643092,22.303187659265042,0.5121956531862321,44.12293200968241,85362.1239952945,1197280.4882370878,0.07129668012963636,1.1205454120599554,0.2494330006678473,0.13588404457947695,3.878040752174578,1.2537317256438357e-10,0.013179028170009908,0.09049203452303327
2019-08-29,417,0.008921118811465126,476.3370610219669,9.314456930980052e-06,6.0796112742195413e-05,-240.57462351631648,952.6741220440267,75.13620652625183,22.335696000428584,0.5246725172436864,47.80168873827811,24687.191679912903,1227066.2296402806,0.020118874665102676,1.5875858738216182,0.242240903413969,0.13434491836867735,3.8067979978536775,7.305381295046137e-11,0.008367234598871317,0.0827049892111104
2019-08-30,418,0.009760402388493681,579.1495808452834,8.664234318045963e-06,6.613867482279757e-05,-139.11981904644747,1158.2991616904083,75.10157525548304,22.51861948080774,0.5201574240416964,47.03405793712306,40742.791676082954,1227921.1073412814,0.033180300780316446,1.113303462358854,0.23558691845269383,0.14680382059541372,3.7759658975623642,2.4690466800196805e-10,0.024223580174584338,0.12289596578407333
2019-09-03,419,0.00880414429384324,467.9590405199274,9.75416825376248e-06,6.217871359388117e-05,-244.31150796626935,935.9180810398491,75.91372189312723,22.639623214542024,0.4917427347085921,49.25193088827431,20302.20054111579,1195392.1750175108,0.016983715441184308,1.3452985062786542,0.21635740607046258,0.1322035257200851,3.6095101682386064,1.0093571703220703e-10,0.012919079798590884,0.09820402049884089
2019-09-04,420,0.009699421887561803,788.2230235489004,9.637510794736218e-06,4.312170854228448e-05,72.61607629027428,1576.4460470980976,75.33332433504411,22.861160009305962,0.4883935403462068,47.001046619626734,42012.796917912114,1132521.510004186,0.03709668783046498,1.6685577310969613,0.22457228961642708,0.16367624707758863,3.663947614413471,3.30588867921364e-10,0.035869525685704624,0.16069851348335812
2019-09-05,421,0.00889810424093577,453.2564348835218,1.1198660988601667e-05,6.255191032567852e-05,-261.01292908924887,906.5128697665676,76.48147945576179,23.007193423567763,0.4133413951455368,50.329064932530244,18798.394346112265,996766.8792975654,0.018859368962339255,1.5743044051509711,0.22091208381035404,0.12740370290376954,3.7251701270099415,2.724017100064503e-10,0.03743633683628358,0.16853318513747728
2019-09-06,422,0.008032587356757919,369.91551277450924,1.6122496615421907e-05,2.8931209961055593e-05,-345.05225379987615,739.8310255487299,77.56639147002934,22.153586665430502,0.41179271155282166,53.38407114753736,11195.494783603532,1005308.3523419237,0.011136378960269236,2.463753560427783,0.15586625297388707,0.12774577435770332,2.9432677119815422,2.6110111081495596e-10,0.036733765749099444,0.1779502149283067
2019-09-09,423,0.007197679034577632,366.40032016246346,1.5446025658872658e-05,3.442889508479783e-05,-348.8852002282266,732.8006403249732,77.54791571933477,21.919210894885712,0.4158954661578136,53.33364720571287,10499.577815444789,929920.2586653525,0.011290836733156106,0.6268003926540557,0.15898206369441795,0.12485848449752121,2.9871735397193446,1.312076733326382e-10,0.02077847391610795,0.12503547683529906
2019-09-10,424,0.007937661057704746,347.78414327257053,2.0217843026500712e-05,2.5935288502372662e-05,-366.83439702368236,695.5682865451265,78.42459675811172,21.365048693283715,0.4431179667911349,55.43492291800706,8854.490726949547,925318.6090198804,0.009569126396721271,1.458254638564002,0.1418852471392588,0.1292105641537566,2.774487674301692,2.9963408847948616e-10,0.04506959346237625,0.19853986898550213
2019-09-11,425,0.007715361351214968,367.8190699200278,1.5367606397260195e-05,4.131660706269517e-05,-347.5951046291151,735.638139839858,77.4417603513542,21.982124009099472,0.42627218109096093,53.21531816405461,9753.443611599869,905377.8174696438,0.010772788357968457,1.427758566775466,0.1597735173088929,0.12017461971479831,3.037871866900152,1.0780810946076314e-10,0.01850282871039172,0.1157433835627037
2019-09-12,426,0.007874219913576544,383.0928403561878,1.4361850811573413e-05,3.866649108670208e-05,-332.13638153760985,766.1856807122415,77.44062755561286,22.152995319627966,0.39882698257913124,52.83599400701028,11223.400675626968,905711.8251878358,0.012391800971903335,0.7959424743163649,0.1573904513625494,0.12483844292676723,2.943197255569078,1.6362871953996026e-10,0.026945372214756146,0.14861349254653153
2019-09-13,427,0.011925541479650054,406.23263896557717,1.3233785678723693e-05,4.8102157262970287e-05,-308.65974942041225,812.4652779310561,77.01204756060643,24.928635046558796,0.3443340000593903,50.88647837857553,19332.16249465983,906912.7607053843,0.021316452179615974,2.360713104985882,0.17723563022768804,0.11225820815342653,3.3509581867323353,4.047794993693461e-09,0.39615003444831104,0.6221243786491787
2019-09-16,428,0.006988261349435845,54990.88587840185,1.5994617286854548e-06,4.634635376297163e-05,53887.82104781674,109981.77175672694,70.36865754835911,24.04824238840183,0.36998910464874074,33.74819970091191,707266.7159870627,873118.8899897467,0.8100462881926289,3.7085369210517856,0.1683707661160467,0.136335100181536,3.247991341303465,1.548424688572931e-10,0.037124246466408384,0.1820601368874643
2019-09-17,429,0.01045095066738645,1523.8933218336458,6.054937723263123e-06,5.743849227154579e-05,784.0959334066307,3047.7866436604063,73.86748609130272,25.01999174298701,0.32398316581356196,43.44910332021999,262258.5795709537,854488.1022049731,0.3069189364886482,3.7055625497750655,0.15164891331659047,0.10871178753599695,2.9499156062245993,2.5269368351033885e-09,0.27930648015215553,0.5178988710345501
2019-09-18,430,0.009150154560843816,1250.2921708330564,4.210341417241128e-06,6.526176041776007e-05,516.9052518786768,2500.5843416715566,73.27872306855487,23.709891856361875,0.37841609449589997,42.827448740801835,178022.7315571297,818888.2491385718,0.21739563578351556,1.8431674442092805,0.17739168807238448,0.13564847243028633,3.3177977259456966,1.394637256782571e-09,0.19162594092388788,0.42681405867637906
2019-09-19,431,0.007412916652932867,169712.27281369813,5.321982313403943e-07,5.0422568322374905e-05,166296.74179109183,339424.54562739696,66.45132546637588,24.118292623563075,0.4078533162159203,20.195953689111803,646196.3317056734,836610.6663130107,0.772397911866814,2.952033888550942,0.14490337083599972,0.11471793818326319,3.0540769743233733,4.324213953799212e-10,0.13663042690237215,0.3623406815263705
2019-09-20,432,0.010937137853195902,2581.672442524749,4.861097941692921e-06,6.517722718980988e-05,1834.5682394046494,5163.344885054413,72.47442406111276,24.764390061007962,0.3409213698421685,40.396030966907034,510868.84627994965,942563.9520017413,0.5419991345892314,3.810414508888621,0.20148033204297894,0.13068139796413566,3.39436624301671,2.246153642178195e-09,0.23314188765780056,0.47115997138178367
2019-09-23,433,0.00931275742008685,1501.143425964677,8.008693058305184e-06,6.510153804024116e-05,801.7961505662894,3002.286851930996,73.10933657850372,24.335283900873083,0.38385787323780785,43.06552774973939,259743.82541616063,1009197.0156572359,0.2573767276224092,2.664843799612303,0.25979376869039916,0.1738101944920558,4.041416468168719,9.62078481207728e-10,0.11121328962369212,0.32041009538980125
2019-09-24,434,0.008251333486873428,8343.674853763554,1.9384529881565316e-06,4.795993123231142e-05,7558.31351963529,16687.349707514993,70.41188506417859,24.05085072043468,0.39463643878392424,36.80961595142799,361795.5510226404,939700.6761747252,0.38501148311972605,4.1458929222110426,0.1585560047602196,0.13983603938239259,3.052237977758156,7.076823864223675e-10,0.2077240467546205,0.4492262660328991
2019-09-25,435,0.010701881446608181,2218.3458932137355,5.425675773733418e-06,5.379847927109344e-05,1495.0588524179086,4436.691786422315,73.34959730083328,25.23514860852862,0.3339007160045185,42.31291558508213,512829.3080635711,952744.4203165548,0.5382653491617202,3.8606567431740904,0.19905825779720315,0.14144236692610673,3.361457932246795,1.9896462729136728e-09,0.22508512478349432,0.46087507576172004
2019-09-26,436,0.009492574691480885,21038.777834069697,1.4817391872446279e-06,8.136110894307002e-05,20257.927587475227,42077.555668154484,67.58326739626047,24.62604496912692,0.30936726927570146,26.81527434225858,480777.97828561446,957912.1898624655,0.5019019314856441,3.639246597234943,0.18054313355382282,0.1228762562979513,3.167988067411866,3.5473550175105333e-10,0.08964923258096208,0.28148510164757345
2019-09-27,437,0.009271390865941786,118552.96460601463,1.995494293972988e-06,5.7551068953603154e-05,115844.62239805509,237105.9292120667,70.8341764261669,23.830521991500277,0.3886926847747243,34.51189286156601,615213.4528375114,953237.4935499068,0.6453936789104088,3.698491264063439,0.16250399633310292,0.14342145395438616,3.0891391522895906,6.175088654720946e-10,0.17995437614711,0.41517168636666046
2019-09-30,438,0.009939632531351453,31946.90412188239,1.7591696952285417e-06,5.651012424527653e-05,30523.30347867642,63893.80824379165,71.15016068708209,24.83777798837618,0.36705147755819434,35.557750638897275,763193.7239240822,956943.218017527,0.7975329252086344,2.8898608694357413,0.19297223045037945,0.1501177530819769,3.426526440570872,7.832108240282937e-11,0.014466781775473976,0.09692013237410797
2019-10-01,439,0.009967116102429584,19880.272414039337,4.228454255468079e-06,0.00012076045347616737,18807.664260277874,39760.54482806184,72.57038092610722,24.897479289780694,0.3470418863287075,40.53163388205794,988025.682105991,873131.9367319122,1.1315880688136553,3.7427449966117208,0.1930401182004457,0.12755911708390175,3.3484311215469185,4.5997156501410576e-10,0.08218481393172115,0.26569574874206675
2019-10-02,440,0.00934849698609579,672.4036136952711,6.535055761678001e-06,4.005746377221969e-05,-42.47595409849551,1344.8072273906637,75.15856366528796,24.347193867577538,0.3912645955999933,47.52179030671973,42827.96375649172,747044.7972027047,0.057329846773393284,3.133493431707028,0.18029690230636244,0.13430124807178834,3.270028365733463,7.513609860541417e-10,0.1980523642517634,0.42907363095287987
2019-10-03,441,0.010071291852572635,7270.072260402794,3.209041879788099e-06,5.5333829026280086e-05,6430.945150949547,14540.144520827898,72.49545032146781,25.391760911258764,0.3675816812881746,40.25013537457301,629367.1043982842,743185.3918786569,0.8468507471700193,1.9516267619542431,0.21663620738782385,0.14364647176998432,3.631072793942137,1.0706409501694031e-09,0.26501517410738695,0.4993238039762571
2019-10-04,442,0.010021837664854647,74277.66949065568,1.1770956472326593e-07,5.4780555807237244e-05,73455.29542697956,148555.3389812574,60.086338242146105,29.60707229820567,0.22865248227055604,5.8265110509378575,522007.1378752281,763835.5908211989,0.683402481041789,3.83974615979431,0.07662172057981546,0.07275978227961687,2.2610838147655254,1.0450093774973609e-10,0.048152840395253665,0.17845065680417205
2019-10-07,443,0.010362388654569737,109079.530470592,8.647799156715184e-08,4.5504788809842365e-05,108063.90320215024,218159.06094124462,60.035139166127124,29.720236093733252,0.23704865512499415,4.487975363194329,555851.9998009069,768936.6237746429,0.7228840227069401,0.6255681770182313,0.07180026884390665,0.05713725453234578,2.24895949840327,7.249859273100588e-11,0.03067631569352634,0.13515290229456411
2019-10-08,444,0.01080579317959015,250866.4743328831,5.205002889873297e-08,4.762655149037571e-05,250584.86210252473,501732.9486658308,61.06831144262978,31.48140089960161,0.23483681483288946,2.3647854780367004,615859.5142672467,740434.3620273154,0.8317543672352242,0.17311704575126294,0.07211072245949167,0.06150906547274775,2.253493734912974,1.549781267972875e-10,0.08267466973378351,0.252341589109076
2019-10-09,445,0.011196421662881158,399.1110062061886,1.6329644833875084e-05,4.379277306316522e-05,-310.63480092971713,798.2220124127706,77.91337874050471,27.111485252724943,0.46027738857711337,54.099987067438725,11810.949264575636,739359.3504154327,0.01597457211833363,3.1634109924737315,0.1557710668081408,0.1274337816320487,2.9012136267127246,3.4525878255537247e-09,0.8976324997097607,0.937397249755378
2019-10-10,446,0.010292771720469529,419726.493290876,3.923336889177176e-07,4.272536791276977e-05,417635.5488725666,839452.986581979,68.89292898752073,26.463338470204842,0.29270553466007815,21.054773015870683,624618.3632196483,731234.2579659261,0.854197347040535,3.4099622966050926,0.13162513443741167,0.10294685872719546,2.81990107940749,1.7051137646234361e-10,0.09518280354367795,0.2797246710897007
2019-10-11,447,0.03110485247018523,39741.43364917432,3.5718817342376415e-07,9.143056697759588e-05,38834.3135150939,79482.86729836832,60.23560399144609,47.4229461192314,0.22716390465587472,8.225230853223723,2446507.8010562696,682938.2683877951,3.5823264185088264,3.682133257438236,0.12751145725366927,0.10620603922652991,2.842931509356023,5.6411633267698716e-08,4.570988919046838,2.1313118277150727
2019-10-14,448,0.010472871841651403,149330.41102909003,2.3422514737795796e-07,2.749175171018398e-05,148806.72968143757,298660.8220585688,67.09886246032183,26.935955794914946,0.25387488620873094,20.783785055390876,591507.8678363422,693405.7466244788,0.8530472536690404,3.2511215197129024,0.10588116868096188,0.10333092238033849,2.463585539142251,2.364736099020466e-10,0.1514951920197561,0.3643334312950054
2019-10-15,449,0.01064513343153307,713025.662792401,1.3154573011849846e-08,2.6023805886878228e-05,707754.1321389083,1426051.3255835082,62.79882548859725,31.14701018959697,0.22145967609757727,1.3583813656077017,533399.4953314104,701104.4894497992,0.7607988585980994,2.078861133231957,0.04437328045128701,0.0806786084575305,1.67704736020605,6.234940359057465e-11,0.050727831412306156,0.1936205186427451
2019-10-16,450,0.011798387736580583,398092.7894576815,4.739276285737643e-07,2.971727398885613e-05,392318.155487056,796185.5789163986,69.36954687048174,29.467009235040788,0.2533072702403773,22.206855322825973,858890.5097154209,694047.5196988295,1.2375096594079356,2.8560441960357696,0.1556660331970464,0.1378723878765727,2.9916351015407647,1.3942408981475733e-09,0.6291596177004782,0.7715488973374101
2019-10-17,451,0.010466074230398154,683940.0602742372,9.868565292608695e-08,5.7707838206467446e-05,,1367880.1205491186,62.45306445060392,29.475454012820578,0.17771535810459266,1.205643364495832,426117.1384185076,717606.0905019667,0.5938036815161893,3.5003796147890487,0.11469695285753265,0.08473371990418531,2.6601983258183286,4.4139700375389086e-11,0.037681258435479044,0.16525160055558125
2019-10-18,452,0.014358604373659458,429759.03626154154,6.751006866901515e-07,7.177723069162853e-05,,859518.0725236865,70.59325669194752,33.14151074626749,0.24958765379709866,22.290023545174964,1239850.8779202695,733371.0485839896,1.690618794284562,3.9668048086337513,0.15838333527193935,0.0888395405127552,3.1807463603422406,4.9791663714911924e-09,1.3642511489156108,1.1542538719895128
2019-10-21,453,0.011120857039512433,471711.49093097274,6.097141113741849e-07,4.910260555582245e-05,,943422.9818616791,67.92336809747421,27.608580854565254,0.24538596259223608,19.685444997288243,460736.49861603894,777926.5993835671,0.5922621735535574,4.105518922332979,0.12832825267650405,0.10819953777483558,2.7946066414831345,6.06993990992563e-11,0.03917119596597514,0.15996018554960062
2019-10-22,454,0.010407376811401511,438776.261891751,3.383071994681589e-07,5.6431103560935546e-05,,877552.5237849005,66.03804014743123,28.188889035221187,0.25395955616237714,14.773058925116711,482584.7573112857,770038.0817634721,0.626702456333216,1.2755964252128145,0.14244219625693114,0.11539064694004897,2.8784391520643773,6.349767974636437e-11,0.03528823826503559,0.1452011106116622
2019-10-23,455,0.010290380684023364,222516.18284160804,1.2667499286629282e-06,4.187348431984632e-05,,445032.3656830176,70.87574328179463,26.248890694334676,0.28338187159826206,33.01306337600927,497199.27067938336,769133.5401731726,0.6464407605569217,2.2195082723110753,0.1739441006628439,0.11375117923420872,3.2153025907756314,6.491593155235229e-11,0.03631292464397377,0.14722239169691267
2019-10-24,456,0.011124504483992893,155075.5139988715,3.6263900360794724e-08,2.7554481939542406e-05,,310151.0279975454,60.19909529898249,30.83027849085256,0.2618958209490832,3.192172885800229,484119.3666469704,813785.6225655242,0.5948979107307714,2.837516530416963,0.043247020028766375,0.0774304959044559,1.6558062161458076,1.5705175145244176e-10,0.10662831516033452,0.2653109785228961
2019-10-25,457,0.010690657887361702,454.09355338629075,1.0949171805185167e-05,4.1999551545643496e-05,,908.1871067726622,77.35542759499803,25.73659040305909,0.4963734331874895,52.883783546087514,21828.27327631646,809811.6461148496,0.02695475346772269,3.714431551396977,0.22312369475746044,0.15062884158549605,3.57812371591356,2.469444919509108e-09,0.6486345810248135,0.7937593611002753
2019-10-28,458,0.01132724934343254,1165.3947217783386,2.9150924937187126e-06,2.456851950294337e-05,,2330.7894435578355,70.71433878462425,28.176874727560367,0.29163300870831266,37.15574738497753,48133.54161278853,809805.1971397294,0.059438420230937636,2.5636154957051267,0.08026753259388862,0.08850298694159524,2.1422099021139585,7.629340245422013e-11,0.03814144165634122,0.15786732653367405
2019-10-29,459,0.012047533688910787,12431.678114112143,3.5007544373368417e-07,2.174720642878353e-05,,24863.35622821873,62.02546312332561,30.60713925812869,0.2393503611302024,15.351346407197541,323411.7051443323,810723.7841049139,0.39891725330520256,1.431697188578996,0.040363858986140554,0.07097039994940095,1.602188829384225,1.1846461949991274e-10,0.07032359625415201,0.21632224153282606
2019-10-30,460,0.009648781781995339,491.35122744690534,1.0687871094826532e-05,3.1715209354387996e-05,,982.7024548940246,76.14171736446657,23.759725538088066,0.5042880535771003,50.43652545089052,26354.24533477473,850388.0322150033,0.030990846926819866,3.3186601630273738,0.20463431045752406,0.14929421828837985,3.421932291252975,6.11156822732115e-10,0.21069733435894555,0.4400176415994419
2019-10-31,461,0.010234526843843642,548.9867753414173,1.112592279677241e-05,3.1688206296476726e-05,,1097.9735506828931,76.37943277917486,25.90756334701344,0.48020391651653255,50.43993106503338,31389.11029452229,845582.1567124252,0.03712130163266612,2.048738683263031,0.22094295038641393,0.1599939995734128,3.674011898675073,1.5636708007385522e-09,0.43075183124925237,0.6398291614311492
2019-11-01,462,0.011563416265214467,2562.88973999186,5.315351254631445e-06,7.782362396263832e-05,,5125.779479990564,72.51637462899195,29.837063325713682,0.5205745151533194,41.73136191020033,630162.3875488488,749172.1684550189,0.8411449518318357,3.3541546609665827,0.3151980334980429,0.14070274452341636,4.370054430118697,5.0651566980832915e-09,1.1130854302263398,1.0485057854403972
2019-11-04,463,0.01023089384237341,480.4713982325218,1.23004254517902e-05,4.910594075592772e-05,,960.9427964646484,77.08162608962279,25.70896239488486,0.48808729823720004,52.26406135456722,32711.004813589396,660138.5573229871,0.04955172584713125,2.307461603226135,0.22426218038971293,0.1491196014216423,3.5529128748679644,3.491910199006264e-09,0.9462719327735553,0.9656896936359833
2019-11-05,464,0.0121502739224113,1250.0476081883442,5.483274847552962e-06,6.226122466873677e-05,,2500.09521637591,71.78282634706548,28.84320349014873,0.4174258415623053,39.93068266711939,78633.12197333152,660087.655366803,0.11912527273311302,2.8068212033755935,0.2302845010775359,0.1367365596810774,3.6683378647799865,4.62406020383074e-09,1.1155549941984484,1.0492849341734785
2019-11-06,465,0.010660772523427998,3457.6549449906424,2.024125465204589e-06,3.635234846721411e-05,,6915.309889972849,68.02552995254239,27.21593043881917,0.35164356632036636,31.402991747091185,295515.94571779546,627084.0042037006,0.4712541601073924,3.4560112677743478,0.10132284813237936,0.07137821176093047,2.5679420675290334,6.818986258078435e-10,0.3105883458302611,0.5399967051794748
2019-11-07,466,0.00796412642936856,609.0146871647421,7.1281737431494225e-06,2.4905759653601602e-05,,1218.0293743293453,74.1226877460836,24.117467422382614,0.5138443313290392,46.7796876584245,174466.94091472015,610900.7557194232,0.2855896629383939,3.0832240359492076,0.2602932059551316,0.13640853005696463,3.8498620371492804,2.159286521972828e-09,0.7060932606111453,0.8342237691224975
2019-11-08,467,0.007856019920994991,32024.49859373657,1.633010450728095e-06,6.280405422189221e-05,,64048.99718744195,68.71652329858837,23.671327004072864,0.5008794805341727,32.161064201849804,901433.1809234616,629584.6427297436,1.4317902943360263,3.3417570937509,0.2732856161995167,0.1531395298202204,4.091929104121301,1.4377423337982395e-09,0.5299041720319158,0.7196296712574625
2019-11-11,468,0.009713003081075231,27139.075280507557,2.48770883210042e-06,3.877382576616751e-05,,54278.150560954826,68.77314121174916,26.397844932184807,0.5116574894518457,33.06716177409759,1150143.6354744632,647302.5550661616,1.7768254218568713,3.119270362936812,0.307171882941966,0.16543320869166292,4.277549449021435,3.7310368405437835e-09,0.9765736930263955,0.9823811419284046
2019-11-12,469,0.008863237407718385,524.2137604286453,9.817555261884894e-06,3.9483443759116646e-05,,1048.4275208578024,76.1020548932386,24.57291228097262,0.49683531824590005,50.32438280982723,61216.18679784474,666062.6821972367,0.09190754629264337,3.575484167844133,0.266397651634474,0.1943071509764378,3.9747070201488435,2.3167113683505936e-09,0.6938658110161243,0.8236358602936106
2019-11-13,470,0.00784558025483665,112956.19768483345,8.966490727045579e-07,5.2365752870751924e-05,,225912.39536983654,65.15894642449162,24.560755754546804,0.4439404089626395,23.218347566547163,756403.3284284668,655133.7954896451,1.1545783985439695,3.533127040073055,0.17133586043928486,0.10322477064405186,3.1948180101312116,2.9096355770824383e-10,0.15110684322076423,0.3666561676471622
2019-11-14,471,0.009231888048641652,178456.1168441129,1.742222909424809e-06,3.9846810570465875e-05,,356912.23368845903,68.85573006197492,24.894110078680555,0.5187227771536628,29.833616852682816,1147823.3079128372,661784.5505776538,1.7344365426949502,3.6419603275619568,0.29790569650957077,0.15652166330513315,4.255783309058134,2.955916550480199e-09,0.767053034882673,0.8701155405191323
2019-11-15,472,0.008272536030815975,55284.3948016548,4.131924950005492e-06,3.7077934898301344e-05,,110568.78960344296,71.42662137376527,23.825502958111628,0.5311487092138494,39.300185550805935,1013681.7642447237,632479.4919691742,1.6027108817215665,2.3054196611231723,0.32603422662752346,0.13275946139202985,4.497194163689068,2.0769153200703887e-09,0.6684089977226095,0.8106477955018434
2019-11-18,473,0.017198360544238813,9894.844531387784,5.549197844505887e-07,2.2977372745772162e-05,,19789.68906275001,60.60975174465118,35.978126993070575,0.4980060050201409,16.2984625017645,1332686.4883866478,622428.6520255952,2.1411072322098788,4.046440146468402,0.13447754246392513,0.10048556476893467,2.956664805413659,1.7588438378483205e-08,2.3892529995296767,1.5429392569358171
2019-11-19,474,0.006434625702945314,140743.19390478014,6.636669986254448e-08,2.5310624714057235e-05,,281486.3878093404,57.69237950922804,26.26421740809403,0.4311360574183708,3.1366582444401025,706185.6392426998,539964.5041384265,1.307837151942974,3.5408219181155713,0.0923693206385249,0.06952818139070464,2.5515736534023725,1.8406384541509603e-10,0.10902859068998058,0.3125931321911135
2019-11-20,475,0.009179661552280243,391.6813553063103,9.557491064579513e-06,2.559650642056544e-05,,783.362710612615,78.52724284433462,22.888635080872692,0.46953519436131913,54.62429422711324,19587.899044343685,524297.4529062685,0.037360278856524445,3.1708703844458013,0.1712825000543397,0.13412899404579004,3.1176507863673177,2.4648818282530454e-09,0.8050758331482998,0.8845122248182087
2019-11-21,476,0.026433661232593938,3024.4917489673358,2.003337372801827e-06,2.5545687190147803e-05,,6048.983497963928,71.36916867923149,32.1022842516231,0.5008889085892088,36.61160849524569,777045.3967851602,570467.1308470255,1.3621212419923452,3.334048359900601,0.15901147848724004,0.11588798439817896,3.0967124301659736,4.1293694718168876e-08,3.7980804326423887,1.943880337213233
2019-11-22,477,0.018184014775981975,49571.36292726123,2.826837170905554e-07,1.8248058512765202e-05,,99142.72585454604,58.803217693912856,36.19718804528706,0.4610413062048251,9.1286300118706,1924028.022471428,570797.9863892752,3.3707687629424665,2.423512240283038,0.13426068555259257,0.0974962455726538,2.944084890265289,1.8660130352779433e-08,2.693367887151708,1.6387663888089825
2019-11-25,478,0.012271233457824767,527.6066126726853,8.513242802552545e-06,3.2751686464274806e-05,,1055.2132253448813,77.12095718954214,25.677617513634566,0.42731607045840125,50.65857819132438,52140.734445587885,561115.7436372105,0.09292331401647409,3.7571762081619187,0.17045449693821763,0.12829877074031898,3.116831557725642,4.642842168787742e-09,1.3470885854486183,1.1467989803033103
2019-11-26,479,0.025067166746776493,3337.8388582949265,1.7041999988759603e-06,3.0990280121889944e-05,,6675.677716589938,65.7157093593538,40.37673902202941,0.45542031091307345,26.564045380904155,1053250.4716946315,545147.9497085421,1.9320451856376628,3.261408551133753,0.12517659248389526,0.12901026681560387,2.7460256298949797,3.9812948036442875e-08,3.9641315070274183,1.9884126580346695
2019-11-27,480,0.008870448937373833,530.4889251015142,5.706130965598279e-06,2.6884853246896815e-05,,1060.9778502027593,76.2495340885976,25.08701961087676,0.4283365667883075,49.44368869237425,51669.282869034956,543058.5903912713,0.09514495080872852,3.4510480651769635,0.15998883686176585,0.1700225350602335,2.9146439356506275,2.090172421514981e-09,0.8272265179158934,0.8966186771377304
2019-11-29,481,0.01037527200962467,663.8571858874568,6.998095763832057e-06,3.286634233076773e-05,,1327.714371775418,75.63076580993136,25.031688993200135,0.42334207145255837,47.68661991865491,66297.58121162534,525876.921672889,0.12607052806334101,2.2753079325628724,0.19245380982118085,0.11944124402594816,3.2392594406487807,2.792598483232364e-09,1.0337422413740351,0.9997925708032528
2019-12-02,482,0.010125111510398849,696.7583026533887,6.6700708587107486e-06,3.147442030215396e-05,,1393.516605306546,75.29931856810907,24.88581452736984,0.42638512521691857,47.26292539901555,95025.99538238284,520039.73191325826,0.182728336992207,0.5078748211080077,0.2029306986259465,0.12075214572696107,3.3583080459164094,2.748563550452063e-09,1.0660598791187414,1.0162279451777374
2019-12-03,483,0.00932738730163864,846.4316569796861,5.730629509338753e-06,3.54189255824946e-05,,1692.8633139607007,74.7716333665207,25.248883930753877,0.3741975905594302,46.11137348824364,94714.28743382399,429066.137457259,0.22074519325883382,0.3907297004896903,0.20386405565693874,0.11716732626899938,3.3872827367297176,2.402613086309471e-09,1.3007646095170915,1.1256889458412862
2019-12-04,484,0.00972454808224394,642.1399824154023,6.691931367771136e-06,3.004910970789832e-05,,1284.2799648316936,75.55595938978628,25.77744684047436,0.3799980592455759,47.78756266823753,70413.67785075006,437982.9326397251,0.1607680861588978,0.5907889933377709,0.19161586781430978,0.1203800348519457,3.2808287701662775,2.9768359056323396e-09,1.6111938642212589,1.2569176218857894
2019-12-05,485,0.009706324640740218,496.9146479335461,8.589892627446178e-06,2.6616891005320676e-05,,993.8292958668203,76.21932590160087,25.464977654216554,0.4153207510496266,49.39637110562226,34275.354458294765,481961.76511182723,0.07111633523531068,0.536833097688839,0.17442505396457897,0.13490899013679114,3.085316559727656,2.9269572440241014e-09,1.361946621752087,1.1528450963728176
2019-12-06,486,0.009305778446013086,663.7392658300555,6.4605137228167285e-06,3.038761071332099e-05,,1327.4785316608659,75.67188486113095,25.84155693045836,0.37178191027978347,47.76984755513486,64166.67882527584,455322.6557275864,0.14092573259448335,0.5923502919146738,0.1960443623918417,0.12171745183801429,3.3316963241401587,2.5439345468668877e-09,1.4084017144790433,1.1709539051079607
2019-12-09,487,0.009694313049464758,502.91626006210487,8.776811988321045e-06,2.5186744420511737e-05,,1005.8325201243738,76.33736867813224,26.46429631469275,0.3514616973261676,49.036720663527475,26197.883933227906,463447.57069494855,0.05652825818882527,0.8429794597838817,0.16443560826843254,0.12658132542054304,3.038431106841703,2.7652015231250405e-09,1.4883251542869937,1.2038877314313032
2019-12-10,488,0.009632473858377538,518.6595500803717,9.92118630856531e-06,3.2110290410867794e-05,,1037.319100161231,76.4392811497537,25.21927510486365,0.3652064491771869,49.20644361146792,28928.380980316728,497831.0480391632,0.05810883249298867,0.618758572006495,0.1671207686084296,0.12769029772151033,3.0490472587668997,2.6249385004072427e-09,1.0546971797092919,1.0119845814333222
2019-12-11,489,0.008638650187083196,939.1450560494518,5.529775200940306e-06,3.870984443396943e-05,,1878.2901121002012,75.14790340200209,23.3038818105882,0.422485217058262,46.20644154779861,89184.23506553631,669403.8383227732,0.13322934521706978,1.0847848245481053,0.2056453687573707,0.1151306104311979,3.4419719775104114,8.379765114088955e-10,0.26364968582692616,0.48784631443544935
2019-12-12,490,0.008650516581589825,553.2053465141743,8.695130304144757e-06,3.170169546366769e-05,,1106.4106930286453,76.35238314818179,23.65631536856973,0.38277768439418797,48.81315845927143,29652.83708027409,582150.1895573392,0.05093674727276443,1.0321527736800948,0.16266006343460193,0.124480124190118,3.04535714915209,1.3006364686158294e-09,0.4169127564196719,0.6279713212059801
2019-12-13,491,0.008562232311308494,511.50862381929875,9.850836732531678e-06,3.192332132992394e-05,,1023.0172476382677,76.52372849447887,23.79625975952871,0.3734368442099796,49.51421941489213,25735.481340029484,585345.7941359426,0.04396628727471918,0.6754336284938266,0.16277682563253776,0.12974556548948343,2.992704391663289,1.4132262795877463e-09,0.44834842170856204,0.6554113050919149
2019-12-16,492,0.009146616862923911,766.8712176713818,6.67935044385465e-06,3.316880287994055e-05,,1533.7424353418398,75.85366034478606,24.471432287112567,0.3697242787234465,47.67059330051641,72841.15608121197,563484.4491686657,0.12926915053055651,0.988230961961663,0.19911319079071838,0.11942548274508887,3.3257877683000627,1.7774251715319444e-09,0.5724602134575248,0.7405987871766583
2019-12-17,493,0.008572956802211084,538.4792060466815,9.440021984162201e-06,3.46501721626026e-05,,1076.958412093045,76.6574991290222,24.305318911114163,0.3187514221972364,49.41525375378917,23571.23612547262,668537.5641848171,0.03525790828854062,1.1110149991972544,0.15637822600399837,0.12422521462529136,2.9731406891491505,7.625843927385447e-10,0.19194256807959917,0.41275550124237737
2019-12-18,494,0.008726636699721624,528.3986125894824,1.0116193801699699e-05,4.1876307810834916e-05,,1056.7972251796918,76.73816080836059,24.252620756699717,0.3310818999987047,49.71674958730953,26906.613223763186,689940.7056350355,0.038998442915464435,0.7665527403824424,0.16794361330799912,0.12905418083908823,3.0549334676672646,1.0240117665328275e-09,0.23162135714842988,0.4604490201872935
2019-12-19,495,0.008499427110340567,1095.950523593279,5.8336214486434835e-06,5.330113809002805e-05,,2191.9010471888864,75.26512623922405,24.93893147546266,0.3465863795436464,46.09340468751552,99905.29142752413,821532.5009167803,0.12160844679429712,1.122971194460416,0.20845364625152502,0.11819520598360156,3.4290203568220297,3.116357270094893e-10,0.06724836051534637,0.22506416776508753
2019-12-20,496,0.008767450834469247,519.4058271154087,1.0846953654650634e-05,3.650597368565393e-05,,1038.8116542305313,76.78779172452751,24.909899048502357,0.35388853510720497,49.96073822810808,18750.596677459263,907332.4917584946,0.020665629025495236,1.5653515498133177,0.14163838819309882,0.13019620939192406,2.8890548325354954,1.1087399001560094e-10,0.022021224655581408,0.12496434352768515
2019-12-23,497,0.008595498832192372,553.4259769648424,1.0262049403866942e-05,5.123170876574729e-05,,1106.8519539292877,76.68896359081874,24.545940889245824,0.36591937623599247,49.69638402341561,24655.487082066054,896156.1963811995,0.02751248853897151,0.8483839130078097,0.1664876900994342,0.130381795522095,3.0390491943754623,2.41892606140977e-10,0.043887145521774494,0.17219203609762226
2019-12-24,498,0.008753011438639246,1121.2189900320875,5.866377316202908e-06,5.607439101788356e-05,,2242.4379800627075,74.61734366884319,24.96733660017825,0.3412069754413806,44.681800795645074,91999.74553245048,914224.0622040238,0.10063150745634089,1.408458372407078,0.1980259763433748,0.11904825956522742,3.307901439084002,1.0023894434589311e-10,0.019848191939017105,0.1197584001876024
2019-12-26,499,0.008072052983497256,492.3185992946685,1.2644231934075989e-05,3.951748021957759e-05,-216.20142243546564,984.6371985893425,75.96879912739405,23.45022753676082,0.38648343499142424,48.703489290321905,15908.97820141653,888355.1690052131,0.01790835327634951,2.028673548290833,0.1477843575524288,0.1346508078581123,2.958438914500055,2.661724852462765e-10,0.04876415258666582,0.19013799789932592
2019-12-27,500,0.008934079350063304,888.258165164417,6.448353625480396e-06,6.210835877146872e-05,186.88299315180225,1776.5163303300415,74.7552727863387,24.533251249387924,0.3441639161339865,45.415214550361455,72615.43492384319,896478.2893968109,0.0810007735632973,1.9390752080146514,0.20297171769978792,0.11903672376572769,3.3590712851622673,2.21989038411995e-10,0.040494008340728416,0.16338142837205596
2019-12-30,501,0.008862759617018514,710.8733364271473,7.517595958581091e-06,5.697069074037504e-05,4.497942250483631,1421.7466728539239,74.72813409458492,24.3373680211348,0.35220497428866454,45.5630255734793,44870.14823403598,930877.5284507318,0.048201988835968344,0.6820581492470118,0.18436135788464394,0.12693878947704995,3.1874496223762527,1.3246593720026258e-10,0.02500885140487998,0.1280588754884166
2019-12-31,502,0.008763180421550007,577.2184946742555,1.1201996823136648e-05,4.048838380685811e-05,-128.0773658844707,1154.4369893484968,75.68931676170918,23.435427781333846,0.3713628645376006,47.349274711915776,18472.41619078375,940738.0187316203,0.019636089775227506,1.9115514736893402,0.14010512900624733,0.14709980554749993,2.8930947770731485,1.8387461785340723e-10,0.03345707073111335,0.14878379314969523
2020-01-02,503,0.009399514798841933,849.0063246980817,6.783453378435268e-06,5.685631768053234e-05,142.05797846597164,1698.0126493981984,75.0340456916665,24.782944987530275,0.3021702340721172,45.46573903272116,55188.886724160926,934721.3451928131,0.05904314372191494,2.0647915194935256,0.1932184872871371,0.12158259749490229,3.281368096568124,2.01108901449989e-10,0.03588539206162139,0.15326876330939618
2020-01-03,504,0.00889660333408109,580.587840183807,9.570990366527844e-06,5.5482647997758244e-05,-124.93743862895467,1161.1756803671838,75.77702554150697,24.30769951150317,0.3085957273421808,47.59596476246436,29945.88992304381,927234.3002330388,0.03229592554494329,1.1573583299388883,0.15983758075293603,0.14614768414092594,2.9906831611152667,1.636224692258472e-10,0.030947626097614672,0.14499284045034389
2020-01-06,505,0.009017673061364894,491.8091702039598,1.0031678520029604e-05,5.3482805403229604e-05,-216.46145877685663,983.6183404079438,76.03825991657968,24.590821208174003,0.3273072992318543,48.935490199634394,27362.603133052427,946180.8732776672,0.028918998371067865,0.941854958992956,0.17199380581030996,0.1534575951624471,3.123206764339531,3.0299913402310483e-10,0.05269568490111545,0.19540859292213666
2020-01-07,506,0.009134789230130896,1177.2608479695173,5.8830639306980245e-06,3.0058648435043293e-05,470.91331722616513,2354.5216959401914,74.15202187754429,24.91938802150221,0.3098798757900843,42.89829438862233,58994.575135408275,936008.4569580873,0.06302782276896665,2.95519855116576,0.15591425499231604,0.1365656622434532,3.0562824275424547,9.833752584220846e-11,0.021328228759614112,0.12150713580816315
2020-01-08,507,0.008938371741917105,646.3655015522588,6.655560843601737e-06,4.024488287484558e-05,-62.363778462188684,1292.7310031058187,74.14966909527685,25.111126876992557,0.29908369729713663,43.776726706268725,27533.296426645575,988829.2302956415,0.02784433912659887,2.3205616647655676,0.1313819836589283,0.12845376949404777,2.828412204668266,2.5041458317123324e-10,0.05960943006894405,0.21261904641942242
2020-01-09,508,0.009961679911289009,597.1968739172817,8.373999968452988e-06,5.3085442565883074e-05,-107.88539193149276,1194.3937478349008,75.59848596208722,23.404460149823013,0.41990221719709875,46.636553039032215,24048.14455607575,1437233.584586433,0.01673224506717581,2.3561004661131983,0.16374392785284977,0.15927746892883052,3.126009976591599,3.1960417926932047e-10,0.02993751465701971,0.15646318453196292
2020-01-10,509,0.014724004855084943,938.0790605208563,6.266971982939053e-06,7.254667205524398e-05,232.69818936694472,1876.1581210449654,73.68364421556645,30.168745701434336,0.2945379110724645,42.15697334024929,31331.458884112544,1847447.6859998924,0.01695932129583147,1.2458209198035324,0.15382816773356886,0.1486079978493919,2.975887070202331,7.339888037376154e-09,0.7082848601829549,0.8353807288120277
2020-01-13,510,0.016051848150740348,4157.22364231083,2.482258855478851e-06,8.650322509352244e-05,3505.9280546021987,8314.44728462121,69.54017370626465,32.63294277967545,0.23092855061869647,31.71781410143699,106733.21797534323,1854861.4764772744,0.057542419921324466,1.540571699804472,0.14100079250299136,0.12792765565030834,2.873851602853664,1.0061596354191305e-08,1.1686457094479028,1.076322967872348
2020-01-14,511,0.016034283681235495,557.456245418141,9.97726056327955e-06,0.0001223503167494249,-146.37722024802076,1114.912490836442,76.14400994481525,29.384741778795078,0.32235625000263574,47.90645954912094,19003.76080672485,2249682.181053138,0.008447309120717074,1.8249623877029137,0.14981554490839075,0.151396776725542,2.966558723331577,1.1031054120209811e-08,0.5972373080512123,0.7665555905898965
2020-01-15,512,0.01900408444791649,17654.102068521745,2.03220678365407e-06,0.0001542084662213531,16858.336544407466,35308.20413704779,70.17325777431124,34.11447753819484,0.2308204915850593,31.803202679810635,298573.80094143754,2251563.1839892617,0.13260733834368005,2.206947742251822,0.14067445829960754,0.09502170452477045,2.854412933299743,1.817358014296583e-08,1.391823000446643,1.1730665211864657
2020-01-16,513,0.019411869114398277,2792.0280979338086,3.432501978185238e-06,0.0001883058099096423,,5584.056195875118,72.22789682087064,33.49394588387082,0.24068135887492592,38.52675975239848,75967.42925492796,2276118.0898484457,0.033375873419637124,2.0157552725409404,0.1465753937873476,0.13886476324249133,3.0106158361394764,1.9230203006828895e-08,1.4985705639392042,1.2197365631759431
2020-01-17,514,0.019131404866252186,1257.6105908651048,5.821937054665722e-06,0.00017413648917393945,,2515.2211817256957,74.51774335097605,30.269529231754063,0.32021088268291614,43.5977334506087,51177.23646094266,2448466.824156943,0.020901747965714843,0.8656377320135308,0.16500734259814517,0.14907264344645343,3.178090458312141,1.7549975055342982e-08,0.9803993470865903,0.9851815581727692
2020-01-21,515,0.02489174835392706,7172.002688797328,2.3125894218028913e-06,0.00019912015878366902,,14344.005377612268,71.32007546978696,36.86311624492254,0.24992136570777257,35.06216238886752,286162.1861500948,2916472.180091336,0.09811929224064567,2.3145516579962204,0.14874125028934312,0.12238762396340222,3.039397252402662,4.060519712058526e-08,2.055446466421653,1.4280062093518762
2020-01-22,516,0.03096874451504733,99670.29455801753,1.3397941850725715e-06,0.00024448510260079143,,199340.58911555182,69.1985226084291,42.47324775252682,0.17987778609599753,28.039703327529633,597879.653964699,3348474.876605254,0.17855282658439428,1.0368294694213,0.10764264376125708,0.08783883510088156,2.5713146687475503,6.855638871977767e-08,3.7253542663266743,1.9259996872040492
2020-01-23,517,0.028056840425069656,1675.4715896761488,5.855172365960741e-06,0.00029367571003042277,,3350.9431793648964,75.00581692285496,31.52435201098468,0.3396272525409581,44.60168043266197,76035.08417997217,3457287.001387996,0.02199270241361113,2.257258652383313,0.1786785625781448,0.15401066260277627,3.313876253802049,5.151355152928519e-08,1.6357107626299854,1.2749952371697673
2020-01-24,518,0.03049979287301935,961.0542224623716,7.10329558158471e-06,0.0002499894178888519,,1922.1084449259374,76.18443169218662,35.109337738440836,0.30430224824550883,47.429708626137696,43444.00499647459,3574512.0999869416,0.012153827929868612,1.4267192556661072,0.15823296592491015,0.1429401597221255,3.099385918874818,6.345657295740266e-08,2.2263596725708257,1.4872744831813638
2020-01-27,519,0.04346064244189853,4938.154707240652,3.92135730994227e-06,0.00038783881300362725,,9876.309414482113,72.90744508020276,41.71048668472155,0.23878216468920785,39.56575698347946,102496.74534265137,4679401.622453278,0.021903814549885808,1.0992008048893664,0.14060336045770278,0.14522262692189628,2.9092107414223607,1.3241794989540228e-07,4.187496593242473,2.0433147905384805
2020-01-28,520,0.051578469872629165,2108.6405174928327,5.827955479399219e-06,0.0005414711013901138,,4217.281034980649,76.21251302557546,38.598167887807186,0.32817795852602866,46.58794192516352,58758.449228260055,5853756.481178314,0.010037733789778772,1.5255931528640223,0.18549715399571687,0.1468654784823841,3.403866395508578,1.9190182640982032e-07,3.117425752246644,1.762697181445964
2020-01-29,521,0.10104582980010093,1593.81691066224,5.9575786294472036e-06,0.0008181516899007398,,3187.6338213246354,75.56714247374585,51.60331428956123,0.2562822059806053,45.68345377423235,44323.42751823006,10552237.788360309,0.004200381796467969,1.821799968863807,0.16080074173652986,0.14220885545532383,3.067808272791802,8.458172400225505e-07,7.349514307309635,2.7091667577442258
2020-01-30,522,0.13336949080759972,878.7034316877297,6.556566373457559e-06,0.0007864822311698251,,1757.4068633771487,76.9821583993441,54.259663659157084,0.3021999425570032,50.77208592032613,20584.81325505575,13639329.778277224,0.0015092246898993746,3.268196162420515,0.14754256271493302,0.12319628936369698,2.8502310630805536,1.4758802052061746e-06,10.413495292628326,3.225911224171798
2020-01-31,523,0.19929707866139942,1119.1558414010742,9.141084145308086e-06,0.0011619513088823277,,2238.3116827988706,77.39546197081569,53.27786417382964,0.4004689120225506,51.22418405478718,14359.38980494166,20198751.249622278,0.0007109048290898768,1.6231649836851405,0.13015969766212684,0.13654338179666112,2.7594071692783033,3.08121413089539e-06,11.9968373065927,3.462377255289855
2020-02-03,524,0.20329147487951352,1444.8379545736975,6.4209529127254095e-06,0.0012332106315077244,,2889.675909146489,77.27502199490874,52.305292714276135,0.3691571373634545,50.87073939370414,19364.72513658872,20399862.731099192,0.0009492576196146445,1.6645543662042437,0.1506311706151602,0.12307393480366373,2.8965140370988856,3.263626759335558e-06,13.141611527710765,3.6240855863570696
2020-02-04,525,0.21938025453368296,1625.7560812773988,7.347158051067242e-06,0.0013759365200960707,,3251.5121625553,77.21140430394182,51.05218059109673,0.35987213286928704,50.57018203896404,15823.802102833313,21913395.45424325,0.0007221063543472555,0.655091281773715,0.12995151633688673,0.12512403814871667,2.7496107893388255,3.740312346733577e-06,13.88241572541592,3.724699382803224
2020-02-05,526,0.22535252792901622,1563.8997867311302,9.174577391196402e-06,0.0013390407074800497,,3127.799573463826,77.86623807524941,47.45371903833575,0.40911538691575405,51.75544883993183,14592.797591085731,22428263.78371187,0.0006506432121457165,0.7210424745106807,0.12351550811200121,0.12538720011987986,2.6494542714571683,3.7951307120352564e-06,13.068714803570861,3.613701820149249
2020-02-06,527,0.22691924493299753,2346.8867170634317,6.0658462654926835e-06,0.0014174878390673146,,4693.773434133431,77.35233197401357,48.463308199832035,0.3638141268279565,50.38834112893194,20400.552494120522,22439668.36791111,0.0009091289657067063,1.1791122260806157,0.14953495360669214,0.12371022671669495,2.930041835962089,3.872876412295565e-06,14.116946430941969,3.755997582353267
2020-02-07,528,0.22683573710318425,1715.6899698556945,8.379065254289838e-06,0.0014723286921759443,,3431.3799397134085,78.38190792423683,44.789617882913745,0.38277910812033467,52.57501834631799,18901.575647570276,22457499.28217966,0.0008416598575856992,0.7448991698815856,0.1319434845472213,0.13409587968110814,2.6410450456723806,3.870748188712502e-06,12.913179629536243,3.5921551226396957
2020-02-10,529,0.2933311110439666,1607.268758896195,1.0630445184812845e-05,0.0017411179072351801,,3214.537517791994,79.14973558163568,46.356395351524945,0.4254533506722697,53.86852028475565,12716.84690365842,29187981.34698051,0.0004356877836971064,0.8085570867047898,0.11861696570824017,0.12542384980809293,2.5551606830055418,6.543704759820427e-06,14.207526101531181,3.7679090749065276
2020-02-11,530,0.30215200421793614,1764.4743489212615,1.0652048487612707e-05,0.0017180105405218793,,3528.9486978420437,79.08348620841619,44.86068048195566,0.416502375582675,53.546890093588694,13485.75266745365,30037829.46021236,0.00044895895974496645,0.8865576614455923,0.1255509533630113,0.12489661508444812,2.6550084481590974,6.840007297685638e-06,14.330541138132931,3.784412038484114
2020-02-12,531,0.3120850934892698,1975.5468637684514,9.576199587759383e-06,0.0019216264776155984,,3951.0937275374754,78.99873833301585,46.11634096300762,0.3950484973847448,53.07529137783103,14500.671879678062,30955579.197082896,0.0004684348429521401,0.446793823769316,0.12505174180477444,0.12379375887730397,2.6534486264959107,7.486592930938744e-06,15.211877335835037,3.8991853973115425
2020-02-13,532,0.3155649432933165,1668.008176665159,1.2937319859836224e-05,0.0019346978702063488,,3336.0163533269174,79.76469337453919,42.58533100991099,0.44873537832969107,54.713786034889424,11534.072749779403,31440614.293567497,0.00036685265249856086,0.9401048976747814,0.1276823269022723,0.13695995231578725,2.6411917799199283,7.634551698707789e-06,13.548062657174686,3.6794875275231966
2020-02-14,533,0.31803113832635066,2047.3200181187842,9.094281281265305e-06,0.0018616433567865461,,4094.6400362381855,79.14063628442608,46.01259429028676,0.402436684692546,53.14584825460312,14378.425371985799,31509781.497686848,0.0004563162512898202,1.1967866658275117,0.13055386100908145,0.12088999475413799,2.6802893911954566,7.810918781007714e-06,15.326099414486757,3.9137934954731204
2020-02-18,534,0.31792365039074727,2113.8395851215073,9.000904837356499e-06,0.0018600787339871023,,4227.679170244886,79.14513348157831,45.20394767813255,0.4119721833641984,53.079809118993744,15251.225336928763,31486014.903977,0.0004843809349465302,0.4459875767856361,0.13293093965622016,0.1262174332549727,2.679403757548241,7.805658219200718e-06,15.31574110302332,3.912492478766232
2020-02-19,535,0.3238652994167026,1782.8321426643831,1.2045784860111534e-05,0.0019038270034809767,,3565.6642853254493,79.85731844985088,43.5746167045704,0.4428685167124703,54.36609449998659,10745.233064141572,32163798.965455513,0.0003340784798363571,1.482548776407298,0.11926034158729008,0.12909879087853787,2.5951017383019623,8.086548215893444e-06,14.390757775886811,3.7922622787327978
2020-02-20,536,0.32712660895841744,2650.2327607743027,6.904891283584924e-06,0.002143133829348767,,5300.465521545362,78.9536281312075,46.55586473668062,0.3953867203999119,52.04082330323454,18425.154015388343,32338894.0858676,0.0005697521370540716,1.7739814149602118,0.14083717408999433,0.12145574364736814,2.7295014152603456,8.276265360649734e-06,16.356636030838075,4.043214939939178
2020-02-21,537,0.3265874399544987,2280.577924458923,8.869944410190147e-06,0.0020175507928422284,,4561.155848920786,79.35388873636705,44.44132921302082,0.40986161175320157,52.979398557859355,17326.469977212626,32340605.69181047,0.0005357497055659711,0.512656224035671,0.1364779982921756,0.12679694028912797,2.702602771405207,8.237158510286468e-06,15.315229748349132,3.912313528632583
2020-02-24,538,0.36010831001169064,3588.9937948455695,6.125893928164055e-06,0.0021154208268777883,,7177.987589690779,78.1165275992179,48.22488331334174,0.38774983811267816,49.93605565245568,21369.644605789672,35570522.30591111,0.0006007683671892123,1.036564857891561,0.14638437216744696,0.12255175820521827,2.9360509794580385,1.004355110600292e-05,18.173781571864275,4.262043540931373
2020-02-25,539,0.36192830434341966,1242542.6979460104,1.4106199001884192e-07,0.002246739950029144,,2485085.395888741,66.94220813197666,49.08636277457074,0.2675553375806749,7.975061600538797,697269.0670927215,35781382.55337938,0.01948692357128799,3.2009056475216116,0.09264228813498614,0.07068899762990645,2.534681089001594,1.0035552994354784e-05,17.583471991556383,4.191473959432964
2020-02-26,540,0.3742653132286962,6573339.038814524,5.166900690003405e-08,0.002462386597984082,,13146678.07764197,69.46878386754904,51.54969895174412,0.35086279678137017,2.983594019873246,534060.9364273954,36878800.299621016,0.014481515995326011,2.673707896788131,0.054660371462949324,0.06272590848201082,1.8073119888269273,1.073491108701633e-05,20.711828981961457,4.548791018082004
2020-02-27,541,0.3603624905018936,1639289.030078419,2.872719294701066e-07,0.0020601945729912404,,3278578.0601665042,65.91962336429125,28.562318783832122,0.4249973511730869,7.754533021301814,2183779.644114009,36921319.15624533,0.059146847783866835,3.1332869735553803,0.12925901112708657,0.11299484057681497,2.8836297623422418,9.724956338484588e-06,8.370992057050717,2.8917117868625213
2020-02-28,542,0.3721713252358801,416674.59756506217,8.696640323132346e-07,0.0023341711696748223,,833349.1951302476,70.97743225874856,42.98306530434396,0.2973397656419873,23.297718145312498,845600.3750333464,37044314.250287354,0.022826725022363912,4.176234012367241,0.1927711721246163,0.1108811514768124,3.429313142493286,1.0466728255838437e-05,14.221785918547766,3.7698596357127037
2020-03-02,543,0.35418600618781704,572827.3627743828,1.6052161554202464e-06,0.0027510322627413986,,1145654.725555757,73.14983823613608,30.78027179287509,0.44314219981720177,32.23433033979343,1652631.188814042,35937147.77823298,0.045986709880605374,4.4117766588348095,0.17465811089575625,0.13971476813684608,3.2692415741671264,9.45336231308817e-06,9.687941311496042,3.1108004549980124
2020-03-03,544,0.3595140240290948,4284.680944377085,6.615314422985302e-06,0.0018221346801268407,,8569.361888711719,77.70365221451117,35.608223082457684,0.4148870635850678,47.95580938170279,53917.206121116695,36216526.35614759,0.0014887459275056759,3.225410946805153,0.23520545542691101,0.16136618793195323,3.816705978319695,9.735970718628655e-06,10.908550975636537,3.3011571563123567
2020-03-04,545,0.3586470824366009,2169.669849499198,1.103088030766387e-05,0.0015199275451340077,,4339.339699000678,79.19147622097849,39.69741140837486,0.41994960333464654,52.37653706320315,16713.44336259656,35833206.054900035,0.00046642333195053503,1.6352833011894243,0.21173373495599188,0.16834850044196736,3.486390864118198,9.625236375755598e-06,12.957184679992386,3.5980341971521956
2020-03-05,546,0.3643393928490714,3772245.988135338,2.545985238765089e-07,0.002351942545734869,,7544491.976266961,73.53718272491429,43.83957921877213,0.34715133614194477,21.626890161305827,975936.5019735907,36293792.1019028,0.026889901700914428,3.7569505732625745,0.11201052061618316,0.08192493252251459,2.648927197866242,9.891460885980189e-06,14.269005506570906,3.775622516618335
2020-03-06,547,0.36255148639589724,4727294.8780139405,5.8252843449282976e-08,0.0023226941547965217,,9454589.756049063,68.15415562336959,40.511088429605046,0.36643556264496635,2.232675477673661,1194573.717543429,36292566.66830432,0.0329151070647945,1.4550411132245271,0.08417317276059186,0.0877069035555112,2.276741828280832,9.767258309765833e-06,12.676816907514127,3.558401412077807
2020-03-09,548,0.354857659343945,2043962.3974788005,7.942788107573402e-07,0.0018193347737743425,2008318.2319814584,4087924.794968546,73.73838613884129,46.90868711146778,0.3265197827743648,26.789224260806133,793658.2548550791,35214797.14246334,0.022537635291332,1.976492920821028,0.11348766548476394,0.10329012358762112,2.686415411895478,9.419796162582496e-06,16.05402305149664,4.005021180412157
2020-03-10,549,0.34609993408640366,2375212.056569736,2.8135474155091574e-07,0.0020232664629878236,2331169.801508878,4750424.113118002,72.46119000543098,47.002924086911456,0.3478179005827985,21.235689097460916,928593.1248876951,34428649.12918424,0.026971523669238353,1.508680416272403,0.09636647469790145,0.07242131945029373,2.5274495156705985,8.946676153464741e-06,14.848127026352621,3.8511893500747596
2020-03-11,550,0.33542484662975136,1840325.4369146822,1.1462052346068422e-06,0.0017447472306003353,1806861.9136119161,3680650.873822531,73.62305435229533,44.779196359333284,0.3634228082266839,29.98361210728499,778220.1125638826,33256150.66742502,0.02340078743166637,1.8121551482806781,0.1310993453365116,0.09152952386286013,2.828145316768418,8.29866763654764e-06,15.478322134352817,3.9323530107156905
2020-03-12,551,0.28624365422199904,6894.710890801172,4.020906891651137e-06,0.001774224465349643,6077.234076613848,13789.421781599232,77.2382305451838,41.637557615156645,0.34388800770274425,46.73771943386936,105440.4590289822,28329185.376889918,0.0037219728568332676,2.2996163657812527,0.16630302655139353,0.1250563486083752,3.099106765902653,5.650927917299244e-06,13.471114799475721,3.668424258100263
2020-03-13,552,0.27306799833390744,3121.7957066957047,5.402018212224865e-06,0.0019963412425158993,2376.3427107079483,6243.591413393671,77.96310837539498,43.02070870170272,0.23683205265443874,49.46834630791812,30376.81238523792,26900542.68363655,0.001129226749901814,2.200060361467904,0.16422463718914743,0.12047812655200975,3.1190212270314785,4.910490079192493e-06,14.179906637252103,3.7640680336526082
2020-03-16,553,0.1987711750575881,3251.9339978326393,5.058299551978899e-06,0.0013527208708475312,2511.331373425194,6503.867995671535,76.70782719528118,38.19478320996915,0.23147195235931323,47.16642294522383,47280.48478047586,19334839.26569134,0.0024453518403110084,1.5519672559328488,0.1907365867415703,0.14456242599597585,3.1758875859608997,2.493199448121693e-06,11.701848086569859,3.419419677601348
2020-03-17,554,0.19924901011152985,2410.975397877529,5.47674247549973e-06,0.001385415075708427,1689.5510735243638,4821.950795767253,78.02170522637513,39.11405784260889,0.274134043373958,49.79081846571544,36622.99539772007,19687910.552870456,0.0018601768480901858,1.5379842814031344,0.15927851400106335,0.11407789016211586,3.0799501104781717,2.508301485017575e-06,11.655373251850936,3.412152236696283
2020-03-18,555,0.1722939725373393,1811.997894647347,6.266502887526649e-06,0.001122892529080521,1116.2966353915224,3623.995789294914,78.15178105617191,38.03627808388363,0.29005710592535017,50.61659317865031,30341.214509089885,17066552.372593053,0.0017778174435402918,1.124251994270024,0.16987556451836858,0.1293937983950803,3.1350611901186936,1.8839265420866589e-06,10.761586433170965,3.279091859551383
2020-03-19,556,0.1780469849726916,2203.6855019513964,4.802405238356815e-06,0.0010950763988850666,1486.317370278223,4407.371003901357,77.50071256525602,39.494660428391676,0.289579732329269,49.09465297916929,52080.55419917787,17751321.25651417,0.002933897339053901,1.0515509889393777,0.18503522487679147,0.12154152781254095,3.167917737316176,2.0709990009620858e-06,10.836433109246164,3.290515744200777
2020-03-20,557,0.17236437117969344,2278.442962771839,4.360769863259163e-06,0.0011478995393535943,1549.2189181132733,4556.885925549729,77.30878033114126,41.06306997333286,0.31004695564342477,48.39209846688614,46215.03994402931,17178847.58666057,0.002690229348091745,1.2828538113269579,0.14745946348204905,0.11749446417771095,2.9654924501663253,1.8892289268525858e-06,11.153328121409626,3.3380606234948877
2020-03-23,558,0.1654470347019892,1577.8024815931763,6.220755807667348e-06,0.001113887193859514,860.4578925818403,3155.6049631879005,77.96250445375004,40.63274911893483,0.3139856922472695,50.482909712294216,30051.78944533118,16542532.028447058,0.0018166378274893575,1.362268981201551,0.17936070825808959,0.11967172688648911,3.229371416531249,1.7372305666544456e-06,10.48261596393676,3.236156138094321
2020-03-24,559,0.12160608186407725,1624.20874250606,5.816103766555382e-06,0.0009231187644817011,898.7225086900247,3248.4174850109375,77.8243740635619,37.02162175542331,0.30424664041101446,49.78779285876235,29436.03839107134,12062331.865587505,0.002440327352876859,0.9356430983979204,0.16535759865604233,0.11633922681770067,3.1748876213089616,8.769604086034404e-07,8.674792576434475,2.943026241146569
2020-03-25,560,0.11654986123123169,1270.3117667277645,6.070581141483994e-06,0.0009040513739143534,560.7465199195109,2540.6235334556704,77.74483467104685,36.45081173352986,0.36089656458009733,50.541907860044645,38097.072394080955,11666114.649815675,0.003265617863157456,0.9475007551451583,0.17154890573615456,0.11955675985253712,3.121874986836311,8.352628632471181e-07,8.103425803761652,2.844525368503316
2020-03-26,561,0.11448192316155416,1216.2831817907563,5.849608650622855e-06,0.000777803815165955,504.60134710003274,2432.56636358365,77.79072113474996,35.54902717837442,0.3674578994303125,50.79267802407517,30182.586799602905,11557209.89091812,0.002611580743490777,0.7409758634831067,0.16634123603231826,0.11679982226566309,3.1407286312733276,7.496393176660984e-07,7.576675285502212,2.750108731240597
2020-03-27,562,0.1027187155461436,10302.081232950453,4.791686465943553e-06,0.0011434776239535684,9412.02710684022,20604.162466019912,75.00530082763456,29.691877510017044,0.29424317205730355,41.3223089811668,288993.70482022717,10776126.691699587,0.026817957239016806,3.973760236023269,0.20336947054380083,0.1258125200855388,3.537183924978531,5.214571747621341e-07,3.595340081409215,1.89031649347627
2020-03-30,563,0.10592084178707226,12869.063659711597,4.021173889956434e-06,0.0011433821663647294,12031.497097480626,25738.127319551695,74.3559549919565,31.640203244505578,0.29300347987881853,39.60528676827993,235006.6369105511,11051405.940652622,0.021264863328029484,0.5823061836747829,0.19036274824758556,0.12011590294178752,3.403522175872741,5.869090121563827e-07,4.320972449288831,2.0732830884077664
2020-03-31,564,0.10761571837774873,7825.030233096076,5.372559823587749e-06,0.001110440863626732,6973.062948230161,15650.060466333109,75.28418181780017,30.229449839934166,0.3274737718991376,42.360475303440545,209238.07414771192,11411238.317173274,0.018336140945616773,0.8071244287177326,0.21105871723993486,0.12371482922548536,3.614116752828719,5.856745945323601e-07,3.600474556702308,1.891561909820236
2020-04-01,565,0.09268372957759811,7321.229966665489,5.422582924542565e-06,0.0010078993109274934,6538.499333905187,14642.459933320926,75.24722349218665,28.793969913120687,0.34135058043498234,42.57393302970036,214078.6889572379,9907736.773859879,0.021607224116213235,0.5561835756919711,0.20978690792427251,0.12979769085749795,3.614031899285945,4.061018102433518e-07,2.9459507297448377,1.709612902041015
2020-04-02,566,0.09231873713074032,6971.771162164182,5.701888439985582e-06,0.000995169595634263,6167.359226502562,13943.542324366195,75.60756200665875,29.54513771841781,0.3419414311391444,43.56259403935118,197603.52619515758,9907615.930925174,0.019944609033376748,0.5260938175551194,0.21764973385113806,0.14081320313122184,3.631335787013081,4.055343678915315e-07,2.9871286383348283,1.721276363928267
2020-04-03,567,0.09880567739931928,5830.757422157483,6.007814826993988e-06,0.0009525895818127699,5087.111962564761,11661.514844301964,75.79986244854463,30.020123150679236,0.34746689193299063,44.282193257523396,219044.047987864,10641137.294136485,0.020584646352468584,0.6883120751808851,0.20914496670741467,0.13213496008857645,3.6032458278865467,4.49365798560644e-07,2.88927300715954,1.6924517173305424
2020-04-06,568,0.08257397872239002,14322.467284380838,4.6494207993536935e-06,0.0008711011872553237,13402.351624697441,28644.934568766483,75.13508478152428,30.83178323635957,0.3090742402159951,42.086007248500934,797570.7691265113,8836760.668549964,0.09025601111559647,0.9112262510769854,0.20075933026598186,0.12021769823588677,3.4941237455862035,2.6394791690562856e-07,2.5074503202369867,1.5739702128229107
2020-04-07,569,0.07976893423159868,21611.103789503944,5.338616736340213e-06,0.000777237469784371,20262.509249985458,43222.20757964311,75.1981514459626,29.977662558786104,0.3441046995148362,43.062112456793855,932310.7590748717,8643522.10540861,0.10786236764425998,1.1755661636803545,0.2037297653180058,0.11648439566054349,3.563254158061535,2.5404566520751706e-07,2.323859595733886,1.5155732883562447
2020-04-08,570,0.07490477841886965,33009.54838226492,4.134703289344652e-06,0.0007402230093996806,31341.722487181763,66019.09676475012,74.43708985027658,30.608784301801133,0.3261466298897623,40.42623561024453,823561.3854717325,7950857.670100782,0.10358145242226344,0.7266536687388495,0.1957106131767954,0.11724984236231197,3.4602119495461463,2.2627621870433945e-07,2.7855798150047804,1.6604819172998841
2020-04-09,571,0.07034843936749442,4941.2087700733355,6.067135262843977e-06,0.000634644029954595,4123.662079843462,9882.417540121993,75.94704304963184,29.90599223897187,0.35467530032406697,44.99334485562822,159455.17405500743,7693856.817858151,0.020724998895859003,1.0625920999809924,0.20898245500098198,0.13224491872802427,3.5295364363678217,1.8195133372292203e-07,1.9667772566346706,1.3914638465212366
2020-04-13,572,0.07428036400569785,4420.409631803027,6.07417932081059e-06,0.0005771163185298989,3609.555314430995,8840.81926367342,76.07250159028888,29.896544310820214,0.3680367791600902,45.79932966491906,156444.7731706004,8037995.251611958,0.019463158197216727,0.5655168462448118,0.20488599534154786,0.12891423904521745,3.478746616741475,1.973908900500477e-07,2.144885028550664,1.4541341243424053
2020-04-14,573,0.07815149359203222,12514.17686757526,5.248251279481778e-06,0.0006684511867627112,11459.958388598721,25028.353735075918,75.49907820556649,30.751940488844053,0.34157041770236646,43.61550954909665,458343.1661748423,8296501.2137752725,0.055245356369480476,1.0942122778201384,0.2164137835143989,0.14010396922259674,3.632183720598906,2.2340369820691527e-07,2.6198748562934466,1.6090148026678759
2020-04-15,574,0.07218455495009148,5509.4979051414675,6.237173240963235e-06,0.0005264261866275813,4670.1799311872455,11018.995810412833,75.70017359665259,29.75994825985585,0.34301398073723005,44.88533790505636,229995.45554660342,7847081.046761373,0.029309682692971108,0.9186465813416705,0.20867867266134377,0.13851717305103353,3.6096272228315636,1.5560334616710846e-07,1.6451651972843702,1.2708291686165845
2020-04-16,575,0.0726672763768565,20448.25301738436,5.341672912556755e-06,0.0005774602853486198,19172.643183365508,40896.50603514174,75.07508443743185,29.609907509918205,0.35049304797750447,43.17530586392496,781231.5609283497,7804027.514675407,0.10010620278558097,0.9737280465828939,0.20254520140533702,0.12889866288740437,3.4966157801889692,1.705460585827061e-07,2.0079282227205457,1.4058927329684872
